job,start_time,end_time,elapse,state,ip
mapping,58:21.6,58:51.1,29,COMPLETE,14.12.19.7
mapping,58:21.5,58:51.3,29,COMPLETE,14.12.27.120
mapping,58:21.6,58:50.6,28,COMPLETE,14.12.59.69
mapping,58:21.8,58:52.8,31,COMPLETE,14.12.50.201
mapping,58:21.6,58:52.7,31,COMPLETE,14.12.62.147
mapping,58:21.5,58:53.3,31,COMPLETE,14.12.24.146
mapping,58:21.4,58:53.5,32,COMPLETE,14.12.60.38
mapping,58:21.6,58:54.1,32,COMPLETE,14.12.18.169
mapping,58:21.5,58:53.2,31,COMPLETE,14.12.57.17
mapping,58:21.6,58:53.6,31,COMPLETE,14.12.23.56
mapping,58:21.6,58:53.8,32,COMPLETE,14.12.27.33
mapping,58:21.6,58:53.8,32,COMPLETE,14.12.21.136
mapping,58:21.5,58:52.6,31,COMPLETE,14.12.62.200
mapping,58:21.6,58:52.1,30,COMPLETE,14.12.51.122
mapping,58:21.5,58:53.6,32,COMPLETE,14.12.50.31
mapping,58:21.6,58:52.9,31,COMPLETE,14.12.57.226
mapping,58:21.7,58:54.1,32,COMPLETE,14.12.17.173
mapping,58:21.5,58:53.8,32,COMPLETE,14.12.51.73
mapping,58:21.5,58:52.3,30,COMPLETE,14.12.55.233
mapping,58:21.6,58:52.1,30,COMPLETE,14.12.59.151
mapping,58:21.7,58:53.5,31,COMPLETE,14.12.24.82
mapping,58:21.7,58:54.2,32,COMPLETE,14.12.23.69
mapping,58:21.6,58:51.8,30,COMPLETE,14.12.49.149
mapping,58:21.7,58:54.9,33,COMPLETE,14.12.31.69
mapping,58:21.6,58:56.2,34,COMPLETE,14.12.17.34
mapping,58:21.5,58:54.5,33,COMPLETE,14.12.62.107
mapping,58:21.5,58:56.2,34,COMPLETE,14.12.26.250
mapping,58:21.4,58:54.0,32,COMPLETE,14.12.23.245
mapping,58:21.6,58:56.4,34,COMPLETE,14.12.49.102
mapping,58:21.5,58:55.0,33,COMPLETE,14.12.62.252
mapping,58:21.6,58:56.5,34,COMPLETE,14.12.59.225
mapping,58:21.6,58:55.8,34,COMPLETE,14.12.29.156
mapping,58:21.6,58:56.1,34,COMPLETE,14.12.52.86
mapping,58:21.5,58:54.6,33,COMPLETE,14.12.17.121
mapping,58:21.5,58:55.8,34,COMPLETE,14.12.31.74
mapping,58:21.4,58:56.0,34,COMPLETE,14.12.62.57
mapping,58:21.6,58:54.9,33,COMPLETE,14.12.63.20
mapping,58:21.5,58:55.5,33,COMPLETE,14.12.23.212
mapping,58:21.6,58:56.5,34,COMPLETE,14.12.58.116
mapping,58:21.6,58:56.1,34,COMPLETE,14.12.50.48
mapping,58:21.6,58:54.5,32,COMPLETE,14.12.59.106
mapping,58:21.4,58:54.7,33,COMPLETE,14.12.54.178
mapping,58:21.5,58:54.9,33,COMPLETE,14.12.16.103
mapping,58:21.6,58:56.4,34,COMPLETE,14.12.56.86
mapping,58:21.6,58:54.5,32,COMPLETE,14.12.52.172
mapping,58:21.6,58:54.8,33,COMPLETE,14.12.24.104
mapping,58:21.6,58:56.4,34,COMPLETE,14.12.53.135
mapping,58:21.5,58:54.5,32,COMPLETE,14.12.19.124
mapping,58:21.5,58:55.7,34,COMPLETE,14.12.60.200
mapping,58:21.6,58:54.2,32,COMPLETE,14.12.60.251
mapping,58:21.5,58:54.4,32,COMPLETE,14.12.52.217
mapping,58:21.4,58:55.3,33,COMPLETE,14.12.60.221
mapping,58:21.6,58:57.4,35,COMPLETE,14.12.27.21
mapping,58:21.5,58:57.6,36,COMPLETE,14.12.48.211
mapping,58:21.4,58:57.0,35,COMPLETE,14.12.27.165
mapping,58:21.5,58:58.1,36,COMPLETE,14.12.25.191
mapping,58:21.3,58:57.1,35,COMPLETE,14.12.62.136
mapping,58:21.6,58:57.1,35,COMPLETE,14.12.50.133
mapping,58:21.3,58:56.8,35,COMPLETE,14.12.30.72
mapping,58:21.6,58:58.0,36,COMPLETE,14.12.54.65
mapping,58:21.3,58:56.4,35,COMPLETE,14.12.54.254
mapping,58:21.3,58:56.8,35,COMPLETE,14.12.51.56
mapping,58:21.6,58:57.0,35,COMPLETE,14.12.58.132
mapping,58:21.8,58:59.2,37,COMPLETE,14.12.26.155
mapping,58:21.5,58:57.7,36,COMPLETE,14.12.57.77
mapping,58:21.7,58:57.8,36,COMPLETE,14.12.62.116
mapping,58:21.5,58:58.6,37,COMPLETE,14.12.48.108
mapping,58:21.5,58:57.9,36,COMPLETE,14.12.21.117
mapping,58:21.5,58:59.0,37,COMPLETE,14.12.57.117
mapping,58:21.3,58:58.4,37,COMPLETE,14.12.59.211
mapping,58:21.5,58:57.0,35,COMPLETE,14.12.57.26
mapping,58:21.5,58:56.7,35,COMPLETE,14.12.50.61
mapping,58:21.6,58:57.6,36,COMPLETE,14.12.57.249
mapping,58:21.5,58:57.2,35,COMPLETE,14.12.60.36
mapping,58:21.5,58:57.6,36,COMPLETE,14.12.63.104
mapping,58:21.6,58:58.7,37,COMPLETE,14.12.61.177
mapping,58:21.6,58:58.9,37,COMPLETE,14.12.60.159
mapping,58:21.7,58:58.4,36,COMPLETE,14.12.63.99
mapping,58:21.4,58:59.1,37,COMPLETE,14.12.26.11
mapping,58:21.5,59:00.3,38,COMPLETE,14.12.56.136
mapping,58:21.5,59:00.1,38,COMPLETE,14.12.51.243
mapping,58:21.6,58:59.1,37,COMPLETE,14.12.16.75
mapping,58:21.8,59:00.2,38,COMPLETE,14.12.48.195
mapping,58:21.3,59:00.7,39,COMPLETE,14.12.55.151
mapping,58:21.5,59:01.2,39,COMPLETE,14.12.63.96
mapping,58:21.7,59:00.8,39,COMPLETE,14.12.57.78
mapping,58:21.3,59:00.3,38,COMPLETE,14.12.60.147
mapping,58:21.2,58:59.4,38,COMPLETE,14.12.48.13
mapping,58:21.7,59:00.4,38,COMPLETE,14.12.48.93
mapping,58:21.4,59:01.0,39,COMPLETE,14.12.57.32
mapping,58:21.5,58:59.2,37,COMPLETE,14.12.49.186
mapping,58:21.3,59:00.9,39,COMPLETE,14.12.55.164
mapping,58:21.6,58:59.1,37,COMPLETE,14.12.53.68
mapping,58:21.2,59:00.4,39,COMPLETE,14.12.58.133
mapping,58:21.6,59:01.2,39,COMPLETE,14.12.50.99
mapping,58:21.6,58:59.6,37,COMPLETE,14.12.48.67
mapping,58:21.6,59:00.3,38,COMPLETE,14.12.31.134
mapping,58:21.7,58:59.5,37,COMPLETE,14.12.63.164
mapping,58:21.5,59:00.8,39,COMPLETE,14.12.57.190
mapping,58:21.5,58:59.5,37,COMPLETE,14.12.63.45
mapping,58:21.6,58:59.2,37,COMPLETE,14.12.55.48
mapping,58:21.6,59:00.8,39,COMPLETE,14.12.49.189
mapping,58:21.3,59:00.4,39,COMPLETE,14.12.50.252
mapping,58:21.7,58:59.4,37,COMPLETE,14.12.56.81
mapping,58:21.3,59:00.9,39,COMPLETE,14.12.53.71
mapping,58:21.6,59:00.4,38,COMPLETE,14.12.53.84
mapping,58:21.6,59:00.1,38,COMPLETE,14.12.48.59
mapping,58:21.3,59:00.0,38,COMPLETE,14.12.49.13
mapping,58:21.7,59:00.9,39,COMPLETE,14.12.53.149
mapping,58:21.7,58:59.8,38,COMPLETE,14.12.60.177
mapping,58:21.3,59:02.5,41,COMPLETE,14.12.51.142
mapping,58:21.5,59:02.8,41,COMPLETE,14.12.59.5
mapping,58:21.7,59:03.3,41,COMPLETE,14.12.16.140
mapping,58:21.2,59:02.9,41,COMPLETE,14.12.53.13
mapping,58:21.6,59:02.8,41,COMPLETE,14.12.51.52
mapping,58:21.3,59:03.4,42,COMPLETE,14.12.54.148
mapping,58:21.6,59:02.6,41,COMPLETE,14.12.51.75
mapping,58:21.6,59:03.4,41,COMPLETE,14.12.56.52
mapping,58:21.4,59:03.6,42,COMPLETE,14.12.48.170
mapping,58:21.5,59:01.5,40,COMPLETE,14.12.48.223
mapping,58:21.3,59:02.8,41,COMPLETE,14.12.49.82
mapping,58:21.4,59:02.5,41,COMPLETE,14.12.61.156
mapping,58:21.5,59:05.5,44,COMPLETE,14.12.20.169
mapping,58:21.3,59:04.6,43,COMPLETE,14.12.54.118
mapping,58:21.3,59:04.1,42,COMPLETE,14.12.53.128
mapping,58:21.4,59:04.4,43,COMPLETE,14.12.49.111
mapping,58:21.5,59:04.2,42,COMPLETE,14.12.62.39
mapping,58:21.5,59:04.6,43,COMPLETE,14.12.58.106
mapping,58:21.6,59:05.1,43,COMPLETE,14.12.59.57
mapping,58:21.6,59:04.5,42,COMPLETE,14.12.61.103
mapping,58:21.5,59:06.6,45,COMPLETE,14.12.29.114
mapping,58:21.6,59:09.9,48,COMPLETE,14.12.16.49
mapping,58:53.8,59:13.5,19,COMPLETE,14.12.51.73
mapping,58:54.1,59:12.1,18,COMPLETE,14.12.18.169
mapping,58:57.2,59:13.5,16,COMPLETE,14.12.60.36
mapping,58:21.8,59:15.9,54,COMPLETE,14.12.20.48
mapping,58:51.3,59:14.5,23,COMPLETE,14.12.27.120
mapping,58:52.3,59:14.1,21,COMPLETE,14.12.55.233
mapping,58:52.6,59:15.8,23,COMPLETE,14.12.62.200
mapping,58:53.2,59:15.8,22,COMPLETE,14.12.57.17
mapping,58:53.5,59:16.2,22,COMPLETE,14.12.24.82
mapping,58:53.6,59:16.1,22,COMPLETE,14.12.50.31
mapping,58:53.8,59:14.5,20,COMPLETE,14.12.27.33
mapping,58:53.8,59:15.7,21,COMPLETE,14.12.21.136
mapping,58:54.1,59:15.8,21,COMPLETE,14.12.17.173
mapping,58:54.2,59:15.7,21,COMPLETE,14.12.60.251
mapping,58:54.9,59:15.7,20,COMPLETE,14.12.24.104
mapping,58:54.9,59:15.2,20,COMPLETE,14.12.16.103
mapping,58:55.3,59:13.8,18,COMPLETE,14.12.60.221
mapping,58:50.6,59:16.4,25,COMPLETE,14.12.59.69
mapping,58:51.1,59:18.5,27,COMPLETE,14.12.19.7
mapping,58:51.8,59:18.1,26,COMPLETE,14.12.49.149
mapping,58:52.1,59:16.5,24,COMPLETE,14.12.51.122
mapping,58:52.1,59:16.8,24,COMPLETE,14.12.59.151
mapping,58:52.8,59:16.6,23,COMPLETE,14.12.50.201
mapping,58:52.9,59:16.9,24,COMPLETE,14.12.57.226
mapping,58:53.6,59:17.0,23,COMPLETE,14.12.23.56
mapping,58:53.5,59:17.4,23,COMPLETE,14.12.60.38
mapping,58:54.0,59:17.2,23,COMPLETE,14.12.23.245
mapping,58:54.5,59:17.0,22,COMPLETE,14.12.59.106
mapping,58:54.5,59:17.6,23,COMPLETE,14.12.19.124
mapping,58:54.6,59:18.3,23,COMPLETE,14.12.17.121
mapping,58:54.9,59:17.3,22,COMPLETE,14.12.31.69
mapping,58:55.0,59:17.9,22,COMPLETE,14.12.62.252
mapping,58:55.7,59:17.8,22,COMPLETE,14.12.60.200
mapping,58:56.2,59:18.5,22,COMPLETE,14.12.17.34
mapping,58:56.4,59:18.5,22,COMPLETE,14.12.53.135
mapping,58:56.5,59:18.5,22,COMPLETE,14.12.59.225
mapping,58:56.4,59:17.4,20,COMPLETE,14.12.54.254
mapping,58:52.7,59:19.9,27,COMPLETE,14.12.62.147
mapping,58:53.3,59:19.4,26,COMPLETE,14.12.24.146
mapping,58:54.2,59:20.0,25,COMPLETE,14.12.23.69
mapping,58:54.5,59:20.4,25,COMPLETE,14.12.52.172
mapping,58:54.4,59:20.6,26,COMPLETE,14.12.52.217
mapping,58:54.9,59:19.2,24,COMPLETE,14.12.63.20
mapping,58:54.7,59:19.1,24,COMPLETE,14.12.54.178
mapping,58:55.5,59:18.8,23,COMPLETE,14.12.23.212
mapping,58:56.1,59:19.0,22,COMPLETE,14.12.50.48
mapping,58:56.1,59:19.4,23,COMPLETE,14.12.52.86
mapping,58:56.0,59:18.6,22,COMPLETE,14.12.62.57
mapping,58:56.2,59:19.8,23,COMPLETE,14.12.26.250
mapping,58:56.4,59:20.4,24,COMPLETE,14.12.56.86
mapping,58:56.4,59:20.3,23,COMPLETE,14.12.49.102
mapping,58:56.7,59:20.7,24,COMPLETE,14.12.50.61
mapping,58:56.8,59:19.6,22,COMPLETE,14.12.30.72
mapping,58:57.0,59:19.0,22,COMPLETE,14.12.27.165
mapping,58:57.1,59:19.4,22,COMPLETE,14.12.62.136
mapping,58:54.5,59:21.8,27,COMPLETE,14.12.62.107
mapping,58:55.8,59:22.8,26,COMPLETE,14.12.29.156
mapping,58:55.8,59:21.4,25,COMPLETE,14.12.31.74
mapping,58:57.0,59:22.3,25,COMPLETE,14.12.58.132
mapping,58:57.0,59:21.3,24,COMPLETE,14.12.57.26
mapping,58:56.8,59:21.8,25,COMPLETE,14.12.51.56
mapping,58:57.1,59:23.0,25,COMPLETE,14.12.50.133
mapping,58:21.5,59:26.0,64,COMPLETE,14.12.23.193
mapping,58:21.5,59:25.7,64,COMPLETE,14.12.21.114
mapping,58:21.5,59:27.2,65,COMPLETE,14.12.29.56
mapping,58:21.6,59:31.5,69,COMPLETE,14.12.31.84
mapping,58:21.5,59:31.8,70,COMPLETE,14.12.20.70
mapping,58:21.5,59:32.4,70,COMPLETE,14.12.58.146
mapping,58:21.6,59:32.5,70,COMPLETE,14.12.56.41
mapping,59:01.0,59:33.1,32,COMPLETE,14.12.57.32
mapping,58:21.5,59:34.4,72,COMPLETE,14.12.22.203
mapping,58:21.5,59:34.2,72,COMPLETE,14.12.23.88
mapping,58:21.6,59:33.8,72,COMPLETE,14.12.22.60
mapping,58:59.2,59:34.7,35,COMPLETE,14.12.49.186
mapping,58:59.5,59:35.3,35,COMPLETE,14.12.63.45
mapping,59:00.1,59:34.8,34,COMPLETE,14.12.48.59
mapping,59:00.3,59:34.0,33,COMPLETE,14.12.56.136
mapping,59:00.4,59:34.7,34,COMPLETE,14.12.53.84
mapping,59:00.8,59:34.9,34,COMPLETE,14.12.49.189
mapping,59:00.9,59:33.8,32,COMPLETE,14.12.53.149
mapping,59:00.8,59:35.5,34,COMPLETE,14.12.57.190
mapping,59:00.7,59:35.3,34,COMPLETE,14.12.55.151
mapping,59:00.9,59:34.0,33,COMPLETE,14.12.55.164
mapping,59:01.2,59:33.5,32,COMPLETE,14.12.50.99
mapping,59:01.2,59:33.8,32,COMPLETE,14.12.63.96
mapping,59:00.9,59:33.2,32,COMPLETE,14.12.53.71
mapping,59:01.6,59:33.6,32,COMPLETE,14.12.48.223
mapping,59:02.8,59:35.2,32,COMPLETE,14.12.51.52
mapping,59:03.4,59:33.1,29,COMPLETE,14.12.54.148
mapping,59:04.6,59:34.5,29,COMPLETE,14.12.58.106
mapping,58:21.6,59:36.1,74,COMPLETE,14.12.29.206
mapping,58:21.4,59:37.4,75,COMPLETE,14.12.51.118
mapping,58:59.1,59:36.1,36,COMPLETE,14.12.26.11
mapping,58:59.4,59:38.0,38,COMPLETE,14.12.56.81
mapping,58:59.6,59:36.9,37,COMPLETE,14.12.48.67
mapping,58:59.8,59:37.3,37,COMPLETE,14.12.60.177
mapping,58:59.4,59:36.5,37,COMPLETE,14.12.48.13
mapping,59:00.2,59:36.1,35,COMPLETE,14.12.48.195
mapping,59:00.1,59:36.7,36,COMPLETE,14.12.51.243
mapping,59:00.3,59:35.8,35,COMPLETE,14.12.31.134
mapping,59:00.0,59:37.8,37,COMPLETE,14.12.49.13
mapping,59:00.3,59:35.7,35,COMPLETE,14.12.60.147
mapping,59:00.4,59:37.4,36,COMPLETE,14.12.50.252
mapping,59:00.8,59:36.5,35,COMPLETE,14.12.57.78
mapping,59:00.4,59:36.6,36,COMPLETE,14.12.58.133
mapping,59:02.5,59:36.7,34,COMPLETE,14.12.61.156
mapping,59:02.5,59:36.7,34,COMPLETE,14.12.51.142
mapping,59:02.8,59:35.8,33,COMPLETE,14.12.59.5
mapping,59:03.3,59:36.6,33,COMPLETE,14.12.16.140
mapping,59:02.9,59:37.5,34,COMPLETE,14.12.53.13
mapping,59:03.4,59:37.6,34,COMPLETE,14.12.56.52
mapping,59:03.6,59:35.9,32,COMPLETE,14.12.48.170
mapping,59:04.2,59:36.7,32,COMPLETE,14.12.62.39
mapping,59:04.1,59:37.1,33,COMPLETE,14.12.53.128
mapping,59:04.5,59:35.9,31,COMPLETE,14.12.61.103
mapping,59:04.4,59:37.2,32,COMPLETE,14.12.49.111
mapping,59:04.6,59:37.2,32,COMPLETE,14.12.54.118
mapping,59:05.5,59:37.5,32,COMPLETE,14.12.20.169
mapping,58:21.5,59:39.0,77,COMPLETE,14.12.63.213
mapping,58:21.2,59:39.6,78,COMPLETE,14.12.24.253
mapping,58:21.5,59:40.0,78,COMPLETE,14.12.18.146
mapping,58:58.4,59:40.3,41,COMPLETE,14.12.63.99
mapping,58:58.7,59:39.7,41,COMPLETE,14.12.61.177
mapping,58:58.9,59:40.5,41,COMPLETE,14.12.60.159
mapping,58:59.2,59:40.2,40,COMPLETE,14.12.26.155
mapping,58:59.0,59:39.1,40,COMPLETE,14.12.57.117
mapping,58:59.1,59:39.5,40,COMPLETE,14.12.16.75
mapping,58:59.1,59:39.6,40,COMPLETE,14.12.53.68
mapping,58:59.2,59:38.8,39,COMPLETE,14.12.55.48
mapping,59:00.4,59:38.9,38,COMPLETE,14.12.48.93
mapping,59:02.6,59:38.7,36,COMPLETE,14.12.51.75
mapping,59:02.8,59:38.8,35,COMPLETE,14.12.49.82
mapping,59:05.1,59:39.0,33,COMPLETE,14.12.59.57
mapping,59:06.6,59:40.3,33,COMPLETE,14.12.29.114
mapping,58:57.8,59:41.7,43,COMPLETE,14.12.62.116
mapping,58:57.9,59:42.0,44,COMPLETE,14.12.21.117
mapping,58:58.1,59:41.7,43,COMPLETE,14.12.25.191
mapping,58:59.5,59:41.0,41,COMPLETE,14.12.63.164
mapping,59:09.9,59:42.0,32,COMPLETE,14.12.16.49
mapping,59:13.8,59:42.6,28,COMPLETE,14.12.60.221
mapping,59:14.1,59:42.0,27,COMPLETE,14.12.55.233
mapping,59:14.5,59:42.7,28,COMPLETE,14.12.27.33
mapping,59:14.5,59:42.2,27,COMPLETE,14.12.27.120
mapping,58:21.6,59:43.8,82,COMPLETE,14.12.59.30
mapping,58:21.5,59:43.5,81,COMPLETE,14.12.20.214
mapping,58:58.4,59:44.9,46,COMPLETE,14.12.59.211
mapping,58:58.6,59:43.8,45,COMPLETE,14.12.48.108
mapping,59:12.1,59:43.3,31,COMPLETE,14.12.18.169
mapping,59:13.5,59:44.9,31,COMPLETE,14.12.51.73
mapping,59:13.5,59:42.9,29,COMPLETE,14.12.60.36
mapping,59:15.2,59:45.0,29,COMPLETE,14.12.16.103
mapping,59:15.8,59:45.1,29,COMPLETE,14.12.17.173
mapping,59:17.3,59:45.0,27,COMPLETE,14.12.31.69
mapping,59:17.2,59:45.2,28,COMPLETE,14.12.23.245
mapping,59:17.8,59:44.9,27,COMPLETE,14.12.60.200
mapping,58:21.5,59:46.0,84,COMPLETE,14.12.29.14
mapping,58:21.6,59:46.0,84,COMPLETE,14.12.26.211
mapping,58:21.5,59:47.0,85,COMPLETE,14.12.59.108
mapping,58:57.6,59:46.1,48,COMPLETE,14.12.48.211
mapping,58:57.6,59:46.7,49,COMPLETE,14.12.63.104
mapping,58:57.7,59:46.2,48,COMPLETE,14.12.57.77
mapping,58:58.0,59:45.6,47,COMPLETE,14.12.54.65
mapping,59:15.9,59:45.9,29,COMPLETE,14.12.20.48
mapping,59:15.7,59:45.8,30,COMPLETE,14.12.60.251
mapping,59:15.7,59:46.8,31,COMPLETE,14.12.24.104
mapping,59:15.8,59:46.6,30,COMPLETE,14.12.62.200
mapping,59:16.2,59:46.2,29,COMPLETE,14.12.24.82
mapping,59:16.4,59:46.8,30,COMPLETE,14.12.59.69
mapping,59:16.6,59:46.9,30,COMPLETE,14.12.50.201
mapping,59:16.5,59:46.7,30,COMPLETE,14.12.51.122
mapping,59:16.9,59:47.0,30,COMPLETE,14.12.57.226
mapping,59:17.0,59:47.7,30,COMPLETE,14.12.23.56
mapping,59:17.6,59:45.8,28,COMPLETE,14.12.19.124
mapping,59:17.9,59:46.0,28,COMPLETE,14.12.62.252
mapping,59:18.3,59:45.9,27,COMPLETE,14.12.17.121
mapping,59:18.5,59:47.6,29,COMPLETE,14.12.19.7
mapping,59:18.5,59:47.3,28,COMPLETE,14.12.53.135
mapping,59:20.3,59:47.6,27,COMPLETE,14.12.49.102
mapping,59:21.3,59:47.3,26,COMPLETE,14.12.57.26
mapping,58:21.6,59:49.9,88,COMPLETE,14.12.16.27
mapping,58:57.6,59:49.2,51,COMPLETE,14.12.57.249
mapping,59:15.7,59:47.8,32,COMPLETE,14.12.21.136
mapping,59:15.8,59:48.5,32,COMPLETE,14.12.57.17
mapping,59:16.1,59:48.3,32,COMPLETE,14.12.50.31
mapping,59:16.8,59:48.3,31,COMPLETE,14.12.59.151
mapping,59:17.0,59:49.2,32,COMPLETE,14.12.59.106
mapping,59:17.4,59:47.8,30,COMPLETE,14.12.60.38
mapping,59:17.4,59:47.5,30,COMPLETE,14.12.54.254
mapping,59:18.1,59:48.9,30,COMPLETE,14.12.49.149
mapping,59:18.5,59:48.6,30,COMPLETE,14.12.17.34
mapping,59:18.5,59:48.8,30,COMPLETE,14.12.59.225
mapping,59:18.6,59:48.4,29,COMPLETE,14.12.62.57
mapping,59:18.8,59:48.4,29,COMPLETE,14.12.23.212
mapping,59:19.0,59:49.9,30,COMPLETE,14.12.27.165
mapping,59:19.2,59:50.2,30,COMPLETE,14.12.63.20
mapping,59:19.4,59:48.6,29,COMPLETE,14.12.52.86
mapping,59:19.4,59:50.0,30,COMPLETE,14.12.24.146
mapping,59:19.4,59:49.7,30,COMPLETE,14.12.62.136
mapping,59:19.9,59:49.2,29,COMPLETE,14.12.62.147
mapping,59:19.8,59:48.3,28,COMPLETE,14.12.26.250
mapping,59:20.0,59:48.0,27,COMPLETE,14.12.23.69
mapping,59:20.4,59:48.5,28,COMPLETE,14.12.56.86
mapping,59:20.4,59:49.0,28,COMPLETE,14.12.52.172
mapping,59:20.6,59:47.9,27,COMPLETE,14.12.52.217
mapping,59:20.7,59:48.1,27,COMPLETE,14.12.50.61
mapping,59:21.4,59:48.0,26,COMPLETE,14.12.31.74
mapping,59:21.8,59:49.6,27,COMPLETE,14.12.62.107
mapping,59:22.3,59:50.1,27,COMPLETE,14.12.58.132
mapping,59:22.8,59:49.7,26,COMPLETE,14.12.29.156
mapping,59:23.0,59:49.8,26,COMPLETE,14.12.50.133
mapping,58:21.4,59:50.3,88,COMPLETE,14.12.57.109
mapping,58:56.5,59:51.2,54,COMPLETE,14.12.58.116
mapping,58:57.4,59:50.3,52,COMPLETE,14.12.27.21
mapping,59:19.0,59:50.9,31,COMPLETE,14.12.50.48
mapping,59:19.1,59:50.9,31,COMPLETE,14.12.54.178
mapping,59:19.6,59:51.0,31,COMPLETE,14.12.30.72
mapping,59:21.8,59:51.3,29,COMPLETE,14.12.51.56
mapping,59:27.2,59:51.9,24,COMPLETE,14.12.29.56
mapping,59:25.7,59:53.1,27,COMPLETE,14.12.21.114
mapping,59:26.0,59:53.0,26,COMPLETE,14.12.23.193
mapping,58:21.6,59:56.0,94,COMPLETE,14.12.21.252
mapping,58:21.5,59:56.2,94,COMPLETE,14.12.62.194
mapping,58:21.6,59:59.4,97,COMPLETE,14.12.16.31
mapping,59:31.5,59:57.9,26,COMPLETE,14.12.31.84
mapping,59:31.8,59:58.6,26,COMPLETE,14.12.20.70
mapping,58:21.5,00:01.1,99,COMPLETE,14.12.48.62
mapping,59:32.5,00:00.2,27,COMPLETE,14.12.56.41
mapping,59:32.5,00:00.6,28,COMPLETE,14.12.58.146
mapping,59:33.1,00:01.7,28,COMPLETE,14.12.57.32
mapping,59:33.1,00:01.5,28,COMPLETE,14.12.54.148
mapping,59:33.2,00:00.3,27,COMPLETE,14.12.53.71
mapping,59:33.6,59:59.7,26,COMPLETE,14.12.48.223
mapping,59:33.8,00:02.1,28,COMPLETE,14.12.22.60
mapping,59:34.0,00:02.1,28,COMPLETE,14.12.56.136
mapping,59:34.2,00:02.0,27,COMPLETE,14.12.23.88
mapping,58:21.5,00:03.4,101,COMPLETE,14.12.19.119
mapping,59:33.5,00:02.9,29,COMPLETE,14.12.50.99
mapping,59:33.9,00:02.9,29,COMPLETE,14.12.53.149
mapping,59:33.8,00:04.0,30,COMPLETE,14.12.63.96
mapping,59:34.0,00:03.8,29,COMPLETE,14.12.55.164
mapping,59:34.4,00:03.4,29,COMPLETE,14.12.22.203
mapping,59:34.5,00:03.2,28,COMPLETE,14.12.58.106
mapping,59:34.7,00:03.0,28,COMPLETE,14.12.49.186
mapping,59:34.7,00:03.6,28,COMPLETE,14.12.53.84
mapping,59:34.9,00:03.1,28,COMPLETE,14.12.49.189
mapping,59:35.3,00:03.6,28,COMPLETE,14.12.63.45
mapping,59:35.5,00:03.1,27,COMPLETE,14.12.57.190
mapping,59:35.3,00:02.8,27,COMPLETE,14.12.55.151
mapping,59:35.8,00:04.2,28,COMPLETE,14.12.31.134
mapping,59:36.1,00:04.5,28,COMPLETE,14.12.48.195
mapping,59:34.8,00:04.7,29,COMPLETE,14.12.48.59
mapping,59:35.2,00:04.6,29,COMPLETE,14.12.51.52
mapping,59:35.9,00:05.0,29,COMPLETE,14.12.61.103
mapping,59:35.8,00:04.9,29,COMPLETE,14.12.59.5
mapping,59:35.7,00:05.2,29,COMPLETE,14.12.60.147
mapping,59:36.1,00:04.8,28,COMPLETE,14.12.29.206
mapping,59:35.9,00:04.4,28,COMPLETE,14.12.48.170
mapping,59:36.1,00:05.4,29,COMPLETE,14.12.26.11
mapping,59:36.5,00:04.6,28,COMPLETE,14.12.57.78
mapping,59:36.7,00:06.0,29,COMPLETE,14.12.16.140
mapping,59:36.7,00:05.9,29,COMPLETE,14.12.51.243
mapping,59:36.7,00:06.0,29,COMPLETE,14.12.62.39
mapping,59:36.5,00:05.8,29,COMPLETE,14.12.48.13
mapping,59:36.6,00:06.1,29,COMPLETE,14.12.58.133
mapping,59:37.3,00:06.1,28,COMPLETE,14.12.60.177
mapping,59:37.2,00:06.4,29,COMPLETE,14.12.49.111
mapping,59:37.1,00:06.1,29,COMPLETE,14.12.53.128
mapping,59:37.6,00:06.4,28,COMPLETE,14.12.56.52
mapping,59:37.5,00:06.4,28,COMPLETE,14.12.53.13
mapping,59:37.8,00:04.4,26,COMPLETE,14.12.49.13
mapping,59:38.9,00:06.7,27,COMPLETE,14.12.48.93
mapping,59:38.8,00:05.9,27,COMPLETE,14.12.55.48
mapping,59:38.8,00:05.7,26,COMPLETE,14.12.49.82
mapping,59:39.0,00:05.4,26,COMPLETE,14.12.63.213
mapping,59:39.5,00:05.0,25,COMPLETE,14.12.16.75
mapping,59:39.6,00:05.9,26,COMPLETE,14.12.53.68
mapping,59:39.7,00:06.2,26,COMPLETE,14.12.61.177
mapping,59:40.2,00:06.5,26,COMPLETE,14.12.26.155
mapping,59:40.0,00:05.1,25,COMPLETE,14.12.18.146
mapping,59:40.5,00:06.7,26,COMPLETE,14.12.60.159
mapping,58:21.5,00:09.2,107,COMPLETE,14.12.26.216
mapping,59:36.9,00:07.1,30,COMPLETE,14.12.48.67
mapping,59:36.7,00:07.9,31,COMPLETE,14.12.61.156
mapping,59:36.7,00:06.9,30,COMPLETE,14.12.51.142
mapping,59:37.2,00:06.7,29,COMPLETE,14.12.54.118
mapping,59:37.4,00:06.8,29,COMPLETE,14.12.51.118
mapping,59:37.5,00:06.9,29,COMPLETE,14.12.20.169
mapping,59:37.4,00:08.3,30,COMPLETE,14.12.50.252
mapping,59:39.0,00:07.8,28,COMPLETE,14.12.59.57
mapping,59:39.1,00:07.0,27,COMPLETE,14.12.57.117
mapping,59:39.6,00:07.3,27,COMPLETE,14.12.24.253
mapping,59:40.3,00:08.2,27,COMPLETE,14.12.63.99
mapping,59:40.3,00:07.2,26,COMPLETE,14.12.29.114
mapping,59:41.0,00:09.2,28,COMPLETE,14.12.63.164
mapping,59:41.7,00:07.6,25,COMPLETE,14.12.62.116
mapping,59:42.0,00:08.4,26,COMPLETE,14.12.16.49
mapping,59:42.0,00:09.2,27,COMPLETE,14.12.21.117
mapping,59:42.0,00:08.1,26,COMPLETE,14.12.55.233
mapping,59:42.2,00:08.9,26,COMPLETE,14.12.27.120
mapping,58:21.5,00:11.4,109,COMPLETE,14.12.28.251
mapping,59:38.0,00:09.5,31,COMPLETE,14.12.56.81
mapping,59:38.7,00:10.1,31,COMPLETE,14.12.51.75
mapping,59:41.7,00:10.2,28,COMPLETE,14.12.25.191
mapping,59:42.7,00:10.5,27,COMPLETE,14.12.27.33
mapping,59:42.6,00:11.1,28,COMPLETE,14.12.60.221
mapping,59:42.9,00:10.6,27,COMPLETE,14.12.60.36
mapping,59:43.8,00:11.3,27,COMPLETE,14.12.59.30
mapping,59:43.8,00:11.6,27,COMPLETE,14.12.48.108
mapping,59:43.3,00:12.6,29,COMPLETE,14.12.18.169
mapping,59:43.5,00:12.4,28,COMPLETE,14.12.20.214
mapping,59:45.0,00:13.3,28,COMPLETE,14.12.31.69
mapping,59:45.1,00:11.9,26,COMPLETE,14.12.17.173
mapping,59:44.9,00:12.1,27,COMPLETE,14.12.51.73
mapping,59:44.9,00:11.6,26,COMPLETE,14.12.60.200
mapping,59:45.0,00:13.4,28,COMPLETE,14.12.16.103
mapping,59:45.6,00:13.6,27,COMPLETE,14.12.54.65
mapping,59:45.9,00:13.0,27,COMPLETE,14.12.20.48
mapping,59:45.8,00:13.4,27,COMPLETE,14.12.60.251
mapping,59:45.8,00:12.2,26,COMPLETE,14.12.19.124
mapping,59:45.9,00:13.6,27,COMPLETE,14.12.17.121
mapping,59:46.0,00:12.0,26,COMPLETE,14.12.26.211
mapping,59:46.2,00:12.9,26,COMPLETE,14.12.24.82
mapping,59:46.8,00:14.0,27,COMPLETE,14.12.59.69
mapping,59:48.3,00:13.6,25,COMPLETE,14.12.50.31
mapping,59:48.6,00:13.3,24,COMPLETE,14.12.52.86
mapping,59:44.9,00:14.6,29,COMPLETE,14.12.59.211
mapping,59:45.2,00:14.7,29,COMPLETE,14.12.23.245
mapping,59:46.0,00:14.6,28,COMPLETE,14.12.29.14
mapping,59:46.0,00:15.1,29,COMPLETE,14.12.62.252
mapping,59:46.1,00:14.1,27,COMPLETE,14.12.48.211
mapping,59:46.2,00:14.8,28,COMPLETE,14.12.57.77
mapping,59:46.7,00:16.2,29,COMPLETE,14.12.51.122
mapping,59:46.6,00:15.3,28,COMPLETE,14.12.62.200
mapping,59:46.9,00:14.9,28,COMPLETE,14.12.50.201
mapping,59:46.7,00:14.8,28,COMPLETE,14.12.63.104
mapping,59:46.8,00:14.3,27,COMPLETE,14.12.24.104
mapping,59:47.0,00:15.0,27,COMPLETE,14.12.57.226
mapping,59:47.0,00:16.1,29,COMPLETE,14.12.59.108
mapping,59:47.3,00:14.8,27,COMPLETE,14.12.53.135
mapping,59:47.3,00:16.0,28,COMPLETE,14.12.57.26
mapping,59:47.6,00:15.1,27,COMPLETE,14.12.49.102
mapping,59:47.6,00:15.1,27,COMPLETE,14.12.19.7
mapping,59:47.7,00:14.9,27,COMPLETE,14.12.23.56
mapping,59:48.0,00:15.9,27,COMPLETE,14.12.23.69
mapping,59:48.0,00:14.3,26,COMPLETE,14.12.31.74
mapping,59:48.1,00:14.2,26,COMPLETE,14.12.50.61
mapping,59:48.3,00:15.5,27,COMPLETE,14.12.59.151
mapping,59:48.3,00:15.7,27,COMPLETE,14.12.26.250
mapping,59:48.5,00:14.2,25,COMPLETE,14.12.56.86
mapping,59:48.4,00:14.0,25,COMPLETE,14.12.23.212
mapping,59:48.6,00:14.2,25,COMPLETE,14.12.17.34
mapping,59:48.5,00:14.2,25,COMPLETE,14.12.57.17
mapping,59:48.4,00:16.0,27,COMPLETE,14.12.62.57
mapping,59:48.8,00:15.5,26,COMPLETE,14.12.59.225
mapping,59:48.9,00:15.5,26,COMPLETE,14.12.49.149
mapping,59:49.0,00:15.9,26,COMPLETE,14.12.52.172
mapping,59:49.2,00:15.0,25,COMPLETE,14.12.62.147
mapping,59:49.2,00:14.2,25,COMPLETE,14.12.59.106
mapping,59:49.2,00:15.3,26,COMPLETE,14.12.57.249
mapping,59:49.7,00:14.6,24,COMPLETE,14.12.29.156
mapping,59:49.6,00:15.6,26,COMPLETE,14.12.62.107
mapping,59:49.8,00:15.3,25,COMPLETE,14.12.50.133
mapping,59:49.9,00:16.0,26,COMPLETE,14.12.16.27
mapping,59:49.7,00:16.2,26,COMPLETE,14.12.62.136
mapping,59:49.9,00:15.4,25,COMPLETE,14.12.27.165
mapping,59:50.0,00:14.6,24,COMPLETE,14.12.24.146
mapping,59:50.1,00:16.0,25,COMPLETE,14.12.58.132
mapping,59:50.2,00:15.8,25,COMPLETE,14.12.63.20
mapping,59:50.3,00:16.0,25,COMPLETE,14.12.27.21
mapping,59:50.3,00:15.1,24,COMPLETE,14.12.57.109
mapping,58:21.7,00:16.8,115,COMPLETE,14.12.21.243
mapping,59:47.8,00:16.5,28,COMPLETE,14.12.21.136
mapping,59:47.5,00:16.5,28,COMPLETE,14.12.54.254
mapping,59:47.8,00:18.0,30,COMPLETE,14.12.60.38
mapping,59:47.9,00:17.2,29,COMPLETE,14.12.52.217
mapping,59:50.9,00:17.2,26,COMPLETE,14.12.50.48
mapping,59:50.9,00:17.2,26,COMPLETE,14.12.54.178
mapping,59:51.2,00:17.9,26,COMPLETE,14.12.58.116
mapping,59:51.0,00:16.8,25,COMPLETE,14.12.30.72
mapping,59:51.3,00:17.1,25,COMPLETE,14.12.51.56
mapping,59:51.9,00:18.1,26,COMPLETE,14.12.29.56
mapping,59:53.0,00:19.0,25,COMPLETE,14.12.23.193
mapping,59:53.1,00:18.8,25,COMPLETE,14.12.21.114
mapping,58:21.4,00:21.8,120,COMPLETE,14.12.23.248
mapping,59:56.0,00:22.5,26,COMPLETE,14.12.21.252
mapping,59:56.2,00:24.0,27,COMPLETE,14.12.62.194
mapping,59:57.9,00:24.7,26,COMPLETE,14.12.31.84
mapping,58:21.5,00:27.1,125,COMPLETE,14.12.54.173
mapping,59:58.6,00:26.2,27,COMPLETE,14.12.20.70
mapping,59:59.4,00:26.0,26,COMPLETE,14.12.16.31
mapping,59:59.7,00:27.1,27,COMPLETE,14.12.48.223
mapping,00:00.2,00:27.3,27,COMPLETE,14.12.56.41
mapping,00:00.6,00:27.8,27,COMPLETE,14.12.58.146
mapping,00:01.1,00:27.4,26,COMPLETE,14.12.48.62
mapping,00:01.7,00:26.3,24,COMPLETE,14.12.57.32
mapping,00:02.0,00:27.8,25,COMPLETE,14.12.23.88
mapping,00:03.0,00:27.3,24,COMPLETE,14.12.49.186
mapping,58:21.5,00:28.5,126,COMPLETE,14.12.50.87
mapping,00:00.3,00:28.5,28,COMPLETE,14.12.53.71
mapping,00:01.5,00:28.5,27,COMPLETE,14.12.54.148
mapping,00:02.1,00:30.4,28,COMPLETE,14.12.56.136
mapping,00:02.9,00:29.1,26,COMPLETE,14.12.50.99
mapping,00:02.9,00:29.6,26,COMPLETE,14.12.53.149
mapping,00:02.8,00:29.3,26,COMPLETE,14.12.55.151
mapping,00:03.1,00:29.5,26,COMPLETE,14.12.49.189
mapping,00:03.1,00:29.4,26,COMPLETE,14.12.57.190
mapping,00:03.2,00:29.0,25,COMPLETE,14.12.58.106
mapping,00:03.4,00:30.0,26,COMPLETE,14.12.19.119
mapping,00:03.6,00:30.6,26,COMPLETE,14.12.53.84
mapping,00:02.1,00:30.8,28,COMPLETE,14.12.22.60
mapping,00:03.4,00:30.6,27,COMPLETE,14.12.22.203
mapping,00:03.6,00:31.7,28,COMPLETE,14.12.63.45
mapping,00:04.0,00:32.3,28,COMPLETE,14.12.63.96
mapping,00:03.8,00:31.4,27,COMPLETE,14.12.55.164
mapping,00:04.2,00:31.7,27,COMPLETE,14.12.31.134
mapping,00:04.5,00:31.4,26,COMPLETE,14.12.48.195
mapping,00:04.6,00:32.7,28,COMPLETE,14.12.51.52
mapping,00:04.6,00:31.6,26,COMPLETE,14.12.57.78
mapping,00:04.4,00:30.8,26,COMPLETE,14.12.48.170
mapping,00:04.4,00:32.1,27,COMPLETE,14.12.49.13
mapping,00:04.8,00:32.8,27,COMPLETE,14.12.29.206
mapping,00:05.0,00:31.6,26,COMPLETE,14.12.16.75
mapping,00:05.0,00:31.3,26,COMPLETE,14.12.61.103
mapping,00:05.1,00:31.4,26,COMPLETE,14.12.18.146
mapping,00:05.4,00:32.3,26,COMPLETE,14.12.63.213
mapping,00:05.9,00:32.5,26,COMPLETE,14.12.53.68
mapping,00:05.9,00:32.7,26,COMPLETE,14.12.55.48
mapping,00:06.0,00:33.1,27,COMPLETE,14.12.16.140
mapping,00:06.1,00:33.0,26,COMPLETE,14.12.60.177
mapping,00:06.1,00:32.1,25,COMPLETE,14.12.58.133
mapping,00:07.3,00:32.4,25,COMPLETE,14.12.24.253
mapping,00:07.8,00:32.6,24,COMPLETE,14.12.59.57
mapping,58:21.5,00:35.3,133,COMPLETE,14.12.60.194
mapping,00:04.7,00:33.6,28,COMPLETE,14.12.48.59
mapping,00:04.9,00:33.7,28,COMPLETE,14.12.59.5
mapping,00:05.2,00:32.9,27,COMPLETE,14.12.60.147
mapping,00:05.4,00:32.9,27,COMPLETE,14.12.26.11
mapping,00:05.9,00:33.2,27,COMPLETE,14.12.51.243
mapping,00:05.7,00:32.9,27,COMPLETE,14.12.49.82
mapping,00:06.0,00:33.5,27,COMPLETE,14.12.62.39
mapping,00:05.8,00:33.7,27,COMPLETE,14.12.48.13
mapping,00:06.2,00:34.2,28,COMPLETE,14.12.61.177
mapping,00:06.4,00:33.8,27,COMPLETE,14.12.56.52
mapping,00:06.5,00:33.8,27,COMPLETE,14.12.26.155
mapping,00:06.1,00:34.9,28,COMPLETE,14.12.53.128
mapping,00:06.4,00:35.0,28,COMPLETE,14.12.49.111
mapping,00:06.7,00:33.7,26,COMPLETE,14.12.48.93
mapping,00:06.7,00:34.6,27,COMPLETE,14.12.60.159
mapping,00:06.4,00:33.9,27,COMPLETE,14.12.53.13
mapping,00:06.7,00:34.3,27,COMPLETE,14.12.54.118
mapping,00:07.0,00:35.0,28,COMPLETE,14.12.57.117
mapping,00:07.1,00:35.0,27,COMPLETE,14.12.48.67
mapping,00:07.2,00:34.8,27,COMPLETE,14.12.29.114
mapping,00:07.6,00:33.9,26,COMPLETE,14.12.62.116
mapping,00:08.2,00:33.2,25,COMPLETE,14.12.63.99
mapping,58:21.5,00:36.6,135,COMPLETE,14.12.61.170
mapping,58:21.5,00:36.8,135,COMPLETE,14.12.56.196
mapping,58:21.5,00:36.4,134,COMPLETE,14.12.21.56
mapping,58:21.5,00:37.0,135,COMPLETE,14.12.26.111
mapping,00:06.9,00:36.1,29,COMPLETE,14.12.20.169
mapping,00:06.8,00:36.9,30,COMPLETE,14.12.51.118
mapping,00:06.9,00:35.9,28,COMPLETE,14.12.51.142
mapping,00:07.9,00:35.9,27,COMPLETE,14.12.61.156
mapping,00:08.1,00:37.1,28,COMPLETE,14.12.55.233
mapping,00:08.4,00:36.9,28,COMPLETE,14.12.16.49
mapping,00:08.3,00:36.7,28,COMPLETE,14.12.50.252
mapping,00:08.9,00:35.9,27,COMPLETE,14.12.27.120
mapping,00:09.2,00:37.5,28,COMPLETE,14.12.63.164
mapping,00:09.2,00:36.8,27,COMPLETE,14.12.21.117
mapping,00:09.2,00:36.3,27,COMPLETE,14.12.26.216
mapping,00:10.6,00:37.0,26,COMPLETE,14.12.60.36
mapping,00:11.6,00:36.9,25,COMPLETE,14.12.60.200
mapping,00:12.2,00:36.9,24,COMPLETE,14.12.19.124
mapping,00:12.4,00:36.2,23,COMPLETE,14.12.20.214
mapping,00:12.6,00:37.5,24,COMPLETE,14.12.18.169
mapping,00:13.0,00:37.7,24,COMPLETE,14.12.20.48
mapping,00:12.9,00:37.6,24,COMPLETE,14.12.24.82
mapping,00:13.3,00:37.6,24,COMPLETE,14.12.52.86
mapping,58:21.4,00:38.3,136,COMPLETE,14.12.49.210
mapping,58:21.4,00:39.4,138,COMPLETE,14.12.60.109
mapping,58:21.5,00:39.1,137,COMPLETE,14.12.54.140
mapping,58:21.6,00:40.1,138,COMPLETE,14.12.54.244
mapping,58:21.6,00:37.7,136,COMPLETE,14.12.31.184
mapping,58:21.5,00:39.3,137,COMPLETE,14.12.51.104
mapping,58:21.5,00:38.5,136,COMPLETE,14.12.60.133
mapping,58:21.5,00:39.1,137,COMPLETE,14.12.56.158
mapping,58:21.5,00:38.7,137,COMPLETE,14.12.30.208
mapping,58:21.5,00:39.2,137,COMPLETE,14.12.31.94
mapping,58:21.5,00:37.8,136,COMPLETE,14.12.59.14
mapping,58:21.4,00:39.4,137,COMPLETE,14.12.24.185
mapping,58:21.4,00:39.5,138,COMPLETE,14.12.17.181
mapping,58:21.3,00:38.8,137,COMPLETE,14.12.26.115
mapping,00:09.5,00:37.8,28,COMPLETE,14.12.56.81
mapping,00:10.2,00:38.5,28,COMPLETE,14.12.25.191
mapping,00:10.5,00:38.5,27,COMPLETE,14.12.27.33
mapping,00:11.3,00:39.5,28,COMPLETE,14.12.59.30
mapping,00:11.1,00:39.9,28,COMPLETE,14.12.60.221
mapping,00:11.4,00:38.4,26,COMPLETE,14.12.28.251
mapping,00:11.6,00:37.9,26,COMPLETE,14.12.48.108
mapping,00:11.9,00:37.9,25,COMPLETE,14.12.17.173
mapping,00:12.0,00:38.5,26,COMPLETE,14.12.26.211
mapping,00:12.1,00:37.8,25,COMPLETE,14.12.51.73
mapping,00:13.3,00:37.9,24,COMPLETE,14.12.31.69
mapping,00:13.4,00:38.4,24,COMPLETE,14.12.60.251
mapping,00:13.4,00:38.0,24,COMPLETE,14.12.16.103
mapping,00:13.6,00:39.7,26,COMPLETE,14.12.50.31
mapping,00:13.6,00:39.7,26,COMPLETE,14.12.17.121
mapping,00:14.0,00:39.6,25,COMPLETE,14.12.59.69
mapping,00:14.0,00:37.6,23,COMPLETE,14.12.23.212
mapping,00:14.1,00:38.5,24,COMPLETE,14.12.48.211
mapping,00:14.2,00:39.3,25,COMPLETE,14.12.17.34
mapping,00:14.2,00:40.0,25,COMPLETE,14.12.59.106
mapping,00:14.2,00:39.4,25,COMPLETE,14.12.56.86
mapping,00:14.3,00:39.2,24,COMPLETE,14.12.24.104
mapping,00:14.2,00:38.6,24,COMPLETE,14.12.57.17
mapping,00:14.2,00:38.6,24,COMPLETE,14.12.50.61
mapping,00:14.3,00:38.3,23,COMPLETE,14.12.31.74
mapping,00:14.6,00:38.7,24,COMPLETE,14.12.29.156
mapping,00:14.6,00:38.2,23,COMPLETE,14.12.29.14
mapping,00:14.9,00:39.4,24,COMPLETE,14.12.50.201
mapping,00:14.8,00:38.4,23,COMPLETE,14.12.53.135
mapping,00:14.7,00:39.0,24,COMPLETE,14.12.23.245
mapping,00:14.8,00:38.7,23,COMPLETE,14.12.63.104
mapping,00:14.8,00:39.2,24,COMPLETE,14.12.57.77
mapping,00:14.9,00:39.9,24,COMPLETE,14.12.23.56
mapping,00:15.0,00:40.0,24,COMPLETE,14.12.62.147
mapping,00:15.1,00:39.2,24,COMPLETE,14.12.62.252
mapping,00:15.1,00:39.5,24,COMPLETE,14.12.19.7
mapping,00:15.1,00:39.9,24,COMPLETE,14.12.49.102
mapping,58:21.6,00:40.6,138,COMPLETE,14.12.29.253
mapping,58:21.6,00:41.5,139,COMPLETE,14.12.58.245
mapping,58:21.4,00:40.9,139,COMPLETE,14.12.55.27
mapping,58:21.5,00:40.2,138,COMPLETE,14.12.48.183
mapping,58:21.4,00:40.9,139,COMPLETE,14.12.60.183
mapping,58:21.4,00:40.3,138,COMPLETE,14.12.59.77
mapping,58:21.5,00:40.7,139,COMPLETE,14.12.54.105
mapping,58:21.5,00:41.5,139,COMPLETE,14.12.22.51
mapping,58:21.6,00:41.5,139,COMPLETE,14.12.28.67
mapping,58:21.5,00:41.4,139,COMPLETE,14.12.54.83
mapping,00:10.1,00:41.6,31,COMPLETE,14.12.51.75
mapping,00:13.6,00:40.3,26,COMPLETE,14.12.54.65
mapping,00:14.6,00:40.9,26,COMPLETE,14.12.24.146
mapping,00:14.6,00:40.6,25,COMPLETE,14.12.59.211
mapping,00:15.0,00:40.4,25,COMPLETE,14.12.57.226
mapping,00:15.1,00:41.3,26,COMPLETE,14.12.57.109
mapping,00:15.3,00:42.4,27,COMPLETE,14.12.57.249
mapping,00:15.3,00:42.1,26,COMPLETE,14.12.50.133
mapping,00:15.5,00:40.7,25,COMPLETE,14.12.49.149
mapping,00:15.5,00:41.7,26,COMPLETE,14.12.59.151
mapping,00:15.5,00:41.9,26,COMPLETE,14.12.59.225
mapping,00:15.6,00:41.1,25,COMPLETE,14.12.62.107
mapping,00:15.9,00:40.8,24,COMPLETE,14.12.23.69
mapping,00:16.0,00:40.3,24,COMPLETE,14.12.27.21
mapping,00:16.0,00:42.1,26,COMPLETE,14.12.57.26
mapping,00:17.2,00:42.4,25,COMPLETE,14.12.50.48
mapping,58:21.4,00:43.3,141,COMPLETE,14.12.23.49
mapping,58:21.5,00:42.9,141,COMPLETE,14.12.22.156
mapping,58:21.5,00:44.2,142,COMPLETE,14.12.17.1
mapping,58:21.2,00:44.1,142,COMPLETE,14.12.25.99
mapping,58:21.5,00:44.6,143,COMPLETE,14.12.48.216
mapping,58:21.4,00:43.4,141,COMPLETE,14.12.24.45
mapping,58:21.5,00:43.9,142,COMPLETE,14.12.62.134
mapping,58:21.5,00:43.9,142,COMPLETE,14.12.62.214
mapping,58:21.5,00:44.5,142,COMPLETE,14.12.20.200
mapping,58:21.5,00:43.8,142,COMPLETE,14.12.19.44
mapping,00:15.3,00:42.5,27,COMPLETE,14.12.62.200
mapping,00:15.4,00:42.4,27,COMPLETE,14.12.27.165
mapping,00:15.8,00:43.0,27,COMPLETE,14.12.63.20
mapping,00:15.7,00:42.6,26,COMPLETE,14.12.26.250
mapping,00:15.9,00:43.5,27,COMPLETE,14.12.52.172
mapping,00:16.0,00:42.8,26,COMPLETE,14.12.58.132
mapping,00:16.0,00:42.7,26,COMPLETE,14.12.16.27
mapping,00:16.1,00:43.0,26,COMPLETE,14.12.59.108
mapping,00:16.2,00:43.2,26,COMPLETE,14.12.51.122
mapping,00:16.0,00:43.3,27,COMPLETE,14.12.62.57
mapping,00:16.2,00:43.7,27,COMPLETE,14.12.62.136
mapping,00:16.5,00:43.8,27,COMPLETE,14.12.21.136
mapping,00:16.5,00:44.4,27,COMPLETE,14.12.54.254
mapping,00:16.8,00:43.4,26,COMPLETE,14.12.30.72
mapping,00:17.1,00:42.9,25,COMPLETE,14.12.51.56
mapping,00:17.2,00:42.7,25,COMPLETE,14.12.54.178
mapping,00:17.2,00:43.2,25,COMPLETE,14.12.52.217
mapping,00:17.9,00:43.1,25,COMPLETE,14.12.58.116
mapping,00:18.1,00:43.2,25,COMPLETE,14.12.29.56
mapping,00:18.0,00:43.8,25,COMPLETE,14.12.60.38
mapping,00:18.8,00:43.6,24,COMPLETE,14.12.21.114
mapping,00:19.0,00:44.4,25,COMPLETE,14.12.23.193
mapping,58:21.4,00:46.3,144,COMPLETE,14.12.57.70
mapping,58:21.4,00:46.0,144,COMPLETE,14.12.53.254
mapping,58:21.6,00:46.7,145,COMPLETE,14.12.25.58
mapping,58:21.4,00:45.7,144,COMPLETE,14.12.26.34
mapping,58:21.1,00:46.0,144,COMPLETE,14.12.52.79
mapping,58:21.2,00:46.4,145,COMPLETE,14.12.28.248
mapping,58:21.5,00:44.9,143,COMPLETE,14.12.27.167
mapping,58:21.6,00:45.2,143,COMPLETE,14.12.25.178
mapping,58:21.6,00:46.7,145,COMPLETE,14.12.29.36
mapping,58:21.4,00:45.1,143,COMPLETE,14.12.25.77
mapping,58:21.8,00:45.4,143,COMPLETE,14.12.18.250
mapping,58:21.5,00:46.3,144,COMPLETE,14.12.58.45
mapping,58:21.3,00:44.8,143,COMPLETE,14.12.18.207
mapping,58:21.6,00:45.6,144,COMPLETE,14.12.30.160
mapping,58:21.4,00:44.7,143,COMPLETE,14.12.24.160
mapping,58:21.5,00:46.5,144,COMPLETE,14.12.30.139
mapping,00:16.8,00:45.6,28,COMPLETE,14.12.21.243
mapping,58:21.3,00:48.8,147,COMPLETE,14.12.29.96
mapping,58:21.5,00:48.3,146,COMPLETE,14.12.54.209
mapping,58:21.2,00:47.0,145,COMPLETE,14.12.61.144
mapping,58:21.5,00:47.3,145,COMPLETE,14.12.52.20
mapping,58:21.4,00:48.2,146,COMPLETE,14.12.23.62
mapping,58:21.3,00:47.3,145,COMPLETE,14.12.29.13
mapping,58:21.3,00:48.7,147,COMPLETE,14.12.22.53
mapping,58:21.4,00:47.1,145,COMPLETE,14.12.30.19
mapping,58:21.1,00:47.3,146,COMPLETE,14.12.57.208
mapping,58:21.5,00:48.2,146,COMPLETE,14.12.31.103
mapping,58:21.2,00:48.7,147,COMPLETE,14.12.27.105
mapping,58:21.5,00:49.0,147,COMPLETE,14.12.55.113
mapping,58:21.5,00:47.2,145,COMPLETE,14.12.56.103
mapping,58:21.3,00:48.0,146,COMPLETE,14.12.55.201
mapping,58:21.5,00:49.1,147,COMPLETE,14.12.30.37
mapping,58:21.3,00:47.6,146,COMPLETE,14.12.20.226
mapping,58:21.1,00:47.2,146,COMPLETE,14.12.60.33
mapping,58:21.6,00:47.1,145,COMPLETE,14.12.60.86
mapping,58:21.5,00:48.5,146,COMPLETE,14.12.30.125
mapping,00:21.8,00:49.0,27,COMPLETE,14.12.23.248
mapping,00:22.5,00:47.9,25,COMPLETE,14.12.21.252
mapping,00:24.7,00:48.8,24,COMPLETE,14.12.31.84
mapping,58:21.3,00:49.9,148,COMPLETE,14.12.58.71
mapping,00:24.0,00:49.9,25,COMPLETE,14.12.62.194
mapping,58:21.3,00:51.6,150,COMPLETE,14.12.21.148
mapping,58:21.3,00:52.9,151,COMPLETE,14.12.19.193
mapping,58:21.7,00:52.9,151,COMPLETE,14.12.56.123
mapping,58:21.4,00:52.1,150,COMPLETE,14.12.62.83
mapping,00:26.0,00:51.9,25,COMPLETE,14.12.16.31
mapping,00:26.2,00:51.7,25,COMPLETE,14.12.20.70
mapping,00:26.3,00:51.8,25,COMPLETE,14.12.57.32
mapping,00:27.1,00:52.2,25,COMPLETE,14.12.48.223
mapping,00:27.3,00:53.1,25,COMPLETE,14.12.56.41
mapping,00:27.1,00:52.6,25,COMPLETE,14.12.54.173
mapping,00:27.3,00:52.8,25,COMPLETE,14.12.49.186
mapping,00:27.4,00:53.4,26,COMPLETE,14.12.48.62
mapping,00:27.8,00:53.5,25,COMPLETE,14.12.23.88
mapping,58:21.6,00:54.1,152,COMPLETE,14.12.63.119
mapping,00:27.8,00:55.8,27,COMPLETE,14.12.58.146
mapping,00:28.5,00:55.0,26,COMPLETE,14.12.50.87
mapping,00:28.5,00:55.3,26,COMPLETE,14.12.54.148
mapping,00:28.5,00:54.5,25,COMPLETE,14.12.53.71
mapping,00:29.1,00:55.6,26,COMPLETE,14.12.50.99
mapping,00:29.0,00:55.2,26,COMPLETE,14.12.58.106
mapping,00:30.0,00:54.9,24,COMPLETE,14.12.19.119
mapping,00:30.4,00:55.8,25,COMPLETE,14.12.56.136
mapping,00:30.6,00:55.9,25,COMPLETE,14.12.53.84
mapping,58:21.3,00:56.1,154,COMPLETE,14.12.22.252
mapping,58:21.5,00:58.3,156,COMPLETE,14.12.54.12
mapping,58:21.6,00:58.4,156,COMPLETE,14.12.16.188
mapping,00:29.4,00:57.6,28,COMPLETE,14.12.57.190
mapping,00:29.5,00:56.3,26,COMPLETE,14.12.49.189
mapping,00:29.6,00:56.9,27,COMPLETE,14.12.53.149
mapping,00:29.3,00:56.3,26,COMPLETE,14.12.55.151
mapping,00:30.6,00:57.1,26,COMPLETE,14.12.22.203
mapping,00:30.8,00:57.4,26,COMPLETE,14.12.22.60
mapping,00:31.4,00:56.9,25,COMPLETE,14.12.48.195
mapping,00:31.3,00:57.7,26,COMPLETE,14.12.61.103
mapping,00:31.4,00:58.1,26,COMPLETE,14.12.18.146
mapping,00:31.6,00:57.4,25,COMPLETE,14.12.16.75
mapping,00:31.7,00:57.8,26,COMPLETE,14.12.31.134
mapping,00:31.7,00:58.0,26,COMPLETE,14.12.63.45
mapping,00:32.3,00:58.2,25,COMPLETE,14.12.63.96
mapping,00:32.1,00:57.7,25,COMPLETE,14.12.49.13
mapping,00:32.3,00:56.7,24,COMPLETE,14.12.63.213
mapping,00:32.1,00:56.9,24,COMPLETE,14.12.58.133
mapping,00:32.6,00:57.8,25,COMPLETE,14.12.59.57
mapping,00:33.5,00:58.1,24,COMPLETE,14.12.62.39
mapping,00:30.8,00:58.4,27,COMPLETE,14.12.48.170
mapping,00:31.6,00:59.0,27,COMPLETE,14.12.57.78
mapping,00:31.4,00:58.7,27,COMPLETE,14.12.55.164
mapping,00:32.5,00:58.9,26,COMPLETE,14.12.53.68
mapping,00:32.7,00:58.9,26,COMPLETE,14.12.51.52
mapping,00:32.4,00:58.3,25,COMPLETE,14.12.24.253
mapping,00:32.7,01:00.0,27,COMPLETE,14.12.55.48
mapping,00:32.8,01:00.1,27,COMPLETE,14.12.29.206
mapping,00:33.0,00:59.2,26,COMPLETE,14.12.60.177
mapping,00:33.1,00:59.0,25,COMPLETE,14.12.16.140
mapping,00:32.9,00:59.9,27,COMPLETE,14.12.26.11
mapping,00:33.2,00:59.5,26,COMPLETE,14.12.63.99
mapping,00:32.9,00:58.9,26,COMPLETE,14.12.60.147
mapping,00:32.9,01:00.3,27,COMPLETE,14.12.49.82
mapping,00:33.7,01:00.7,26,COMPLETE,14.12.48.93
mapping,00:33.8,01:00.7,26,COMPLETE,14.12.56.52
mapping,00:33.7,01:00.4,26,COMPLETE,14.12.48.13
mapping,00:35.0,01:00.3,25,COMPLETE,14.12.57.117
mapping,00:35.3,01:00.8,25,COMPLETE,14.12.60.194
mapping,00:38.2,01:00.4,22,COMPLETE,14.12.29.14
mapping,58:21.5,00:59.5,158,COMPLETE,14.12.51.27
mapping,00:33.2,01:01.7,28,COMPLETE,14.12.51.243
mapping,00:33.6,01:01.7,28,COMPLETE,14.12.48.59
mapping,00:33.8,01:01.5,27,COMPLETE,14.12.26.155
mapping,00:33.7,01:01.0,27,COMPLETE,14.12.59.5
mapping,00:33.9,01:01.0,27,COMPLETE,14.12.62.116
mapping,00:34.2,01:01.6,27,COMPLETE,14.12.61.177
mapping,00:33.9,01:01.5,27,COMPLETE,14.12.53.13
mapping,00:34.3,01:02.7,28,COMPLETE,14.12.54.118
mapping,00:34.6,01:01.8,27,COMPLETE,14.12.60.159
mapping,00:34.8,01:01.0,26,COMPLETE,14.12.29.114
mapping,00:35.0,01:01.9,26,COMPLETE,14.12.48.67
mapping,00:34.9,01:01.5,26,COMPLETE,14.12.53.128
mapping,00:35.0,01:01.4,26,COMPLETE,14.12.49.111
mapping,00:35.9,01:02.1,26,COMPLETE,14.12.27.120
mapping,00:35.9,01:01.9,26,COMPLETE,14.12.61.156
mapping,00:36.1,01:01.5,25,COMPLETE,14.12.20.169
mapping,00:35.9,01:02.3,26,COMPLETE,14.12.51.142
mapping,00:36.3,01:02.2,25,COMPLETE,14.12.26.216
mapping,00:36.4,01:02.6,26,COMPLETE,14.12.21.56
mapping,00:37.5,01:02.9,25,COMPLETE,14.12.63.164
mapping,00:37.6,01:02.0,24,COMPLETE,14.12.24.82
mapping,00:37.6,01:02.7,25,COMPLETE,14.12.52.86
mapping,00:37.7,01:02.9,25,COMPLETE,14.12.31.184
mapping,00:37.9,01:02.7,24,COMPLETE,14.12.31.69
mapping,00:37.6,01:02.8,25,COMPLETE,14.12.23.212
mapping,00:37.8,01:02.3,24,COMPLETE,14.12.59.14
mapping,00:37.8,01:00.8,22,COMPLETE,14.12.51.73
mapping,00:38.0,01:02.4,24,COMPLETE,14.12.16.103
mapping,00:38.3,01:01.3,23,COMPLETE,14.12.31.74
mapping,00:38.4,01:02.3,23,COMPLETE,14.12.60.251
mapping,00:38.4,01:02.0,23,COMPLETE,14.12.28.251
mapping,00:38.3,01:02.2,23,COMPLETE,14.12.49.210
mapping,00:38.5,01:01.7,23,COMPLETE,14.12.60.133
mapping,00:38.5,01:01.9,23,COMPLETE,14.12.48.211
mapping,00:38.7,01:01.0,22,COMPLETE,14.12.30.208
mapping,00:38.7,01:02.4,23,COMPLETE,14.12.29.156
mapping,00:39.1,01:02.9,23,COMPLETE,14.12.54.140
mapping,00:36.6,01:04.6,28,COMPLETE,14.12.61.170
mapping,00:36.9,01:04.2,27,COMPLETE,14.12.16.49
mapping,00:36.8,01:04.2,27,COMPLETE,14.12.56.196
mapping,00:36.8,01:04.4,27,COMPLETE,14.12.21.117
mapping,00:36.7,01:03.7,27,COMPLETE,14.12.50.252
mapping,00:36.9,01:03.9,26,COMPLETE,14.12.19.124
mapping,00:36.9,01:03.7,26,COMPLETE,14.12.60.200
mapping,00:36.9,01:03.4,26,COMPLETE,14.12.51.118
mapping,00:37.0,01:04.2,27,COMPLETE,14.12.60.36
mapping,00:37.1,01:04.1,26,COMPLETE,14.12.55.233
mapping,00:37.7,01:03.8,26,COMPLETE,14.12.20.48
mapping,00:37.5,01:03.4,25,COMPLETE,14.12.18.169
mapping,00:37.8,01:03.7,25,COMPLETE,14.12.56.81
mapping,00:37.9,01:03.9,26,COMPLETE,14.12.17.173
mapping,00:37.9,01:03.4,25,COMPLETE,14.12.48.108
mapping,00:38.5,01:03.6,25,COMPLETE,14.12.27.33
mapping,00:38.4,01:03.8,25,COMPLETE,14.12.53.135
mapping,00:38.5,01:05.0,26,COMPLETE,14.12.25.191
mapping,00:38.5,01:03.4,24,COMPLETE,14.12.26.211
mapping,00:38.6,01:03.5,24,COMPLETE,14.12.50.61
mapping,00:38.7,01:03.8,25,COMPLETE,14.12.63.104
mapping,00:38.6,01:04.5,25,COMPLETE,14.12.57.17
mapping,00:38.8,01:04.2,25,COMPLETE,14.12.26.115
mapping,00:39.1,01:04.9,25,COMPLETE,14.12.56.158
mapping,00:39.4,01:03.8,24,COMPLETE,14.12.50.201
mapping,00:39.0,01:04.6,25,COMPLETE,14.12.23.245
mapping,00:39.2,01:03.6,24,COMPLETE,14.12.31.94
mapping,00:39.2,01:03.5,24,COMPLETE,14.12.24.104
mapping,00:39.2,01:04.2,25,COMPLETE,14.12.62.252
mapping,00:39.3,01:04.3,25,COMPLETE,14.12.17.34
mapping,00:39.3,01:04.7,25,COMPLETE,14.12.51.104
mapping,00:39.4,01:04.0,24,COMPLETE,14.12.56.86
mapping,00:39.5,01:05.0,25,COMPLETE,14.12.59.30
mapping,00:39.5,01:03.8,24,COMPLETE,14.12.19.7
mapping,00:39.4,01:04.2,24,COMPLETE,14.12.60.109
mapping,00:39.5,01:04.0,24,COMPLETE,14.12.17.181
mapping,00:39.6,01:05.1,25,COMPLETE,14.12.59.69
mapping,00:39.7,01:04.9,25,COMPLETE,14.12.50.31
mapping,00:39.7,01:04.6,24,COMPLETE,14.12.17.121
mapping,00:39.9,01:03.5,23,COMPLETE,14.12.49.102
mapping,00:40.3,01:05.3,24,COMPLETE,14.12.27.21
mapping,00:36.2,01:03.4,27,COMPLETE,14.12.20.214
mapping,00:37.0,01:05.5,28,COMPLETE,14.12.26.111
mapping,00:39.2,01:05.9,26,COMPLETE,14.12.57.77
mapping,00:39.4,01:05.3,25,COMPLETE,14.12.24.185
mapping,00:39.9,01:05.4,25,COMPLETE,14.12.23.56
mapping,00:40.0,01:06.1,26,COMPLETE,14.12.59.106
mapping,00:40.0,01:05.9,25,COMPLETE,14.12.62.147
mapping,00:39.9,01:07.1,27,COMPLETE,14.12.60.221
mapping,00:40.2,01:07.2,27,COMPLETE,14.12.48.183
mapping,00:40.7,01:07.3,26,COMPLETE,14.12.49.149
mapping,00:40.6,01:07.0,26,COMPLETE,14.12.59.211
mapping,00:40.9,01:05.5,24,COMPLETE,14.12.55.27
mapping,00:40.9,01:06.1,25,COMPLETE,14.12.60.183
mapping,00:41.5,01:07.5,26,COMPLETE,14.12.58.245
mapping,00:41.4,01:07.1,25,COMPLETE,14.12.54.83
mapping,00:41.5,01:07.3,25,COMPLETE,14.12.28.67
mapping,00:42.1,01:06.6,24,COMPLETE,14.12.57.26
mapping,00:42.4,01:07.0,24,COMPLETE,14.12.50.48
mapping,00:42.4,01:07.4,25,COMPLETE,14.12.57.249
mapping,00:42.8,01:07.4,24,COMPLETE,14.12.58.132
mapping,00:42.7,01:07.4,24,COMPLETE,14.12.54.178
mapping,00:40.3,01:07.8,27,COMPLETE,14.12.54.65
mapping,00:40.4,01:08.0,27,COMPLETE,14.12.57.226
mapping,00:40.3,01:08.4,28,COMPLETE,14.12.59.77
mapping,00:40.6,01:09.0,28,COMPLETE,14.12.29.253
mapping,00:40.7,01:08.8,28,COMPLETE,14.12.54.105
mapping,00:40.8,01:08.7,27,COMPLETE,14.12.23.69
mapping,00:40.9,01:09.1,28,COMPLETE,14.12.24.146
mapping,00:41.1,01:08.5,27,COMPLETE,14.12.62.107
mapping,00:41.3,01:07.6,26,COMPLETE,14.12.57.109
mapping,00:41.5,01:07.7,26,COMPLETE,14.12.22.51
mapping,00:41.6,01:09.0,27,COMPLETE,14.12.51.75
mapping,00:41.7,01:08.3,26,COMPLETE,14.12.59.151
mapping,00:41.9,01:08.6,26,COMPLETE,14.12.59.225
mapping,00:42.1,01:08.0,25,COMPLETE,14.12.50.133
mapping,00:42.4,01:08.9,26,COMPLETE,14.12.27.165
mapping,00:42.5,01:08.0,25,COMPLETE,14.12.62.200
mapping,00:42.7,01:09.0,26,COMPLETE,14.12.16.27
mapping,00:42.6,01:08.1,25,COMPLETE,14.12.26.250
mapping,00:43.0,01:08.2,25,COMPLETE,14.12.63.20
mapping,00:42.9,01:08.3,25,COMPLETE,14.12.22.156
mapping,00:43.0,01:09.9,26,COMPLETE,14.12.59.108
mapping,00:43.2,01:09.8,26,COMPLETE,14.12.51.122
mapping,00:43.1,01:08.8,25,COMPLETE,14.12.58.116
mapping,00:42.9,01:07.8,24,COMPLETE,14.12.51.56
mapping,00:43.2,01:08.6,25,COMPLETE,14.12.29.56
mapping,00:43.2,01:09.2,26,COMPLETE,14.12.52.217
mapping,00:43.3,01:09.9,26,COMPLETE,14.12.23.49
mapping,00:43.4,01:08.5,25,COMPLETE,14.12.24.45
mapping,00:43.5,01:09.9,26,COMPLETE,14.12.52.172
mapping,00:43.6,01:08.2,24,COMPLETE,14.12.21.114
mapping,00:40.1,01:08.6,28,COMPLETE,14.12.54.244
mapping,00:43.3,01:09.9,26,COMPLETE,14.12.62.57
mapping,00:43.4,01:09.7,26,COMPLETE,14.12.30.72
mapping,00:43.8,01:10.1,26,COMPLETE,14.12.19.44
mapping,00:43.8,01:10.7,26,COMPLETE,14.12.21.136
mapping,00:43.8,01:10.7,26,COMPLETE,14.12.60.38
mapping,00:43.9,01:11.7,27,COMPLETE,14.12.62.214
mapping,00:43.7,01:11.3,27,COMPLETE,14.12.62.136
mapping,00:43.9,01:11.1,27,COMPLETE,14.12.62.134
mapping,00:44.4,01:10.6,26,COMPLETE,14.12.23.193
mapping,00:44.1,01:11.4,27,COMPLETE,14.12.25.99
mapping,00:44.5,01:10.5,26,COMPLETE,14.12.20.200
mapping,00:44.6,01:11.7,27,COMPLETE,14.12.48.216
mapping,00:44.4,01:11.6,27,COMPLETE,14.12.54.254
mapping,00:44.7,01:11.9,27,COMPLETE,14.12.24.160
mapping,00:44.9,01:11.9,26,COMPLETE,14.12.27.167
mapping,00:44.8,01:11.7,26,COMPLETE,14.12.18.207
mapping,00:45.2,01:11.4,26,COMPLETE,14.12.25.178
mapping,00:45.4,01:11.6,26,COMPLETE,14.12.18.250
mapping,00:45.2,01:11.9,26,COMPLETE,14.12.25.77
mapping,00:45.6,01:11.6,26,COMPLETE,14.12.21.243
mapping,00:45.6,01:11.7,26,COMPLETE,14.12.30.160
mapping,00:45.7,01:11.7,25,COMPLETE,14.12.26.34
mapping,00:46.5,01:12.0,25,COMPLETE,14.12.30.139
mapping,00:47.1,01:11.9,24,COMPLETE,14.12.60.86
mapping,00:44.2,01:12.4,28,COMPLETE,14.12.17.1
mapping,00:46.0,01:12.9,26,COMPLETE,14.12.53.254
mapping,00:46.3,01:12.6,26,COMPLETE,14.12.58.45
mapping,00:46.3,01:12.9,26,COMPLETE,14.12.57.70
mapping,00:46.0,01:12.4,26,COMPLETE,14.12.52.79
mapping,00:46.7,01:13.5,26,COMPLETE,14.12.29.36
mapping,00:46.7,01:13.0,26,COMPLETE,14.12.25.58
mapping,00:46.4,01:12.9,26,COMPLETE,14.12.28.248
mapping,00:47.1,01:13.5,26,COMPLETE,14.12.30.19
mapping,00:47.3,01:12.8,25,COMPLETE,14.12.56.103
mapping,00:47.0,01:13.4,26,COMPLETE,14.12.61.144
mapping,00:47.3,01:14.2,26,COMPLETE,14.12.52.20
mapping,00:47.3,01:12.8,25,COMPLETE,14.12.29.13
mapping,00:47.3,01:13.7,26,COMPLETE,14.12.57.208
mapping,00:47.2,01:12.9,25,COMPLETE,14.12.60.33
mapping,00:47.9,01:13.3,25,COMPLETE,14.12.21.252
mapping,00:47.6,01:12.7,25,COMPLETE,14.12.20.226
mapping,00:48.2,01:14.1,25,COMPLETE,14.12.23.62
mapping,00:48.2,01:13.1,24,COMPLETE,14.12.31.103
mapping,00:48.3,01:13.2,24,COMPLETE,14.12.54.209
mapping,00:48.5,01:14.3,25,COMPLETE,14.12.30.125
mapping,00:48.8,01:14.3,25,COMPLETE,14.12.31.84
mapping,00:49.0,01:14.0,25,COMPLETE,14.12.55.113
mapping,00:48.7,01:14.4,25,COMPLETE,14.12.22.53
mapping,00:48.8,01:16.1,27,COMPLETE,14.12.29.96
mapping,00:48.7,01:16.2,27,COMPLETE,14.12.27.105
mapping,00:49.0,01:14.8,25,COMPLETE,14.12.23.248
mapping,00:49.1,01:15.6,26,COMPLETE,14.12.30.37
mapping,00:49.9,01:16.1,26,COMPLETE,14.12.62.194
mapping,00:51.9,01:16.7,24,COMPLETE,14.12.16.31
mapping,00:48.0,01:15.5,27,COMPLETE,14.12.55.201
mapping,00:49.9,01:16.5,26,COMPLETE,14.12.58.71
mapping,00:51.7,01:17.5,25,COMPLETE,14.12.20.70
mapping,00:51.6,01:17.8,26,COMPLETE,14.12.21.148
mapping,00:51.8,01:17.3,25,COMPLETE,14.12.57.32
mapping,00:52.1,01:18.0,25,COMPLETE,14.12.62.83
mapping,00:52.2,01:17.7,25,COMPLETE,14.12.48.223
mapping,00:52.6,01:17.8,25,COMPLETE,14.12.54.173
mapping,00:52.9,01:17.7,24,COMPLETE,14.12.56.123
mapping,00:52.8,01:18.6,25,COMPLETE,14.12.49.186
mapping,00:53.1,01:18.9,25,COMPLETE,14.12.56.41
mapping,00:54.5,01:18.5,24,COMPLETE,14.12.53.71
mapping,00:53.4,01:19.9,26,COMPLETE,14.12.48.62
mapping,00:53.5,01:19.4,25,COMPLETE,14.12.23.88
mapping,00:54.1,01:20.8,26,COMPLETE,14.12.63.119
mapping,00:54.9,01:20.5,25,COMPLETE,14.12.19.119
mapping,00:55.0,01:20.5,25,COMPLETE,14.12.50.87
mapping,00:55.2,01:20.7,25,COMPLETE,14.12.58.106
mapping,00:55.8,01:21.0,25,COMPLETE,14.12.56.136
mapping,00:52.9,01:20.7,27,COMPLETE,14.12.19.193
mapping,00:55.6,01:22.8,27,COMPLETE,14.12.50.99
mapping,00:55.3,01:21.8,26,COMPLETE,14.12.54.148
mapping,00:55.8,01:21.9,26,COMPLETE,14.12.58.146
mapping,00:55.9,01:21.8,25,COMPLETE,14.12.53.84
mapping,00:56.1,01:22.4,26,COMPLETE,14.12.22.252
mapping,00:56.3,01:22.1,25,COMPLETE,14.12.49.189
mapping,00:56.3,01:21.6,25,COMPLETE,14.12.55.151
mapping,00:56.9,01:22.6,25,COMPLETE,14.12.48.195
mapping,00:56.7,01:21.5,24,COMPLETE,14.12.63.213
mapping,00:56.9,01:21.9,25,COMPLETE,14.12.58.133
mapping,00:57.4,01:22.5,25,COMPLETE,14.12.16.75
mapping,00:58.9,01:23.2,24,COMPLETE,14.12.51.52
mapping,00:59.0,01:23.3,24,COMPLETE,14.12.57.78
mapping,00:58.9,01:23.0,24,COMPLETE,14.12.60.147
mapping,00:59.9,01:22.6,22,COMPLETE,14.12.26.11
mapping,01:01.5,01:23.1,21,COMPLETE,14.12.26.155
mapping,01:02.2,01:23.4,21,COMPLETE,14.12.26.216
mapping,00:56.9,01:23.7,26,COMPLETE,14.12.53.149
mapping,00:57.1,01:24.1,27,COMPLETE,14.12.22.203
mapping,00:57.4,01:24.0,26,COMPLETE,14.12.22.60
mapping,00:57.7,01:25.0,27,COMPLETE,14.12.61.103
mapping,00:57.8,01:23.8,26,COMPLETE,14.12.31.134
mapping,00:57.6,01:25.6,27,COMPLETE,14.12.57.190
mapping,00:57.8,01:23.9,26,COMPLETE,14.12.59.57
mapping,00:57.7,01:24.1,26,COMPLETE,14.12.49.13
mapping,00:58.0,01:23.9,25,COMPLETE,14.12.63.45
mapping,00:58.1,01:24.4,26,COMPLETE,14.12.18.146
mapping,00:58.1,01:23.7,25,COMPLETE,14.12.62.39
mapping,00:58.2,01:23.9,25,COMPLETE,14.12.63.96
mapping,00:58.4,01:24.8,26,COMPLETE,14.12.16.188
mapping,00:58.3,01:24.2,25,COMPLETE,14.12.54.12
mapping,00:58.4,01:24.4,25,COMPLETE,14.12.48.170
mapping,00:58.3,01:23.7,25,COMPLETE,14.12.24.253
mapping,00:59.0,01:24.8,25,COMPLETE,14.12.16.140
mapping,00:58.9,01:24.7,25,COMPLETE,14.12.53.68
mapping,00:58.7,01:23.5,24,COMPLETE,14.12.55.164
mapping,00:59.2,01:23.7,24,COMPLETE,14.12.60.177
mapping,00:59.5,01:24.0,24,COMPLETE,14.12.63.99
mapping,00:59.5,01:23.6,24,COMPLETE,14.12.51.27
mapping,01:00.0,01:24.8,24,COMPLETE,14.12.55.48
mapping,01:00.1,01:25.0,24,COMPLETE,14.12.29.206
mapping,01:00.3,01:23.7,23,COMPLETE,14.12.57.117
mapping,01:00.4,01:24.2,23,COMPLETE,14.12.29.14
mapping,01:00.7,01:24.4,23,COMPLETE,14.12.48.93
mapping,01:00.3,01:24.3,23,COMPLETE,14.12.49.82
mapping,01:00.7,01:24.7,23,COMPLETE,14.12.56.52
mapping,01:00.4,01:24.8,24,COMPLETE,14.12.48.13
mapping,01:00.8,01:23.6,22,COMPLETE,14.12.60.194
mapping,01:01.0,01:23.7,22,COMPLETE,14.12.62.116
mapping,01:00.8,01:23.7,22,COMPLETE,14.12.51.73
mapping,01:01.0,01:23.9,22,COMPLETE,14.12.30.208
mapping,01:01.0,01:24.5,23,COMPLETE,14.12.29.114
mapping,01:01.0,01:25.4,24,COMPLETE,14.12.59.5
mapping,01:01.3,01:25.0,23,COMPLETE,14.12.31.74
mapping,01:01.4,01:24.7,23,COMPLETE,14.12.49.111
mapping,01:01.5,01:24.3,22,COMPLETE,14.12.20.169
mapping,01:01.7,01:24.5,22,COMPLETE,14.12.48.59
mapping,01:01.7,01:24.5,22,COMPLETE,14.12.51.243
mapping,01:01.8,01:25.1,23,COMPLETE,14.12.60.159
mapping,01:01.6,01:25.0,23,COMPLETE,14.12.53.128
mapping,01:01.5,01:25.0,23,COMPLETE,14.12.53.13
mapping,01:02.0,01:24.2,22,COMPLETE,14.12.24.82
mapping,01:02.0,01:25.6,23,COMPLETE,14.12.28.251
mapping,01:02.1,01:24.8,22,COMPLETE,14.12.27.120
mapping,01:02.3,01:25.6,23,COMPLETE,14.12.59.14
mapping,01:02.2,01:24.3,22,COMPLETE,14.12.49.210
mapping,01:02.3,01:25.2,22,COMPLETE,14.12.60.251
mapping,01:02.4,01:24.9,22,COMPLETE,14.12.29.156
mapping,01:02.4,01:25.2,22,COMPLETE,14.12.16.103
mapping,01:01.7,01:26.6,24,COMPLETE,14.12.60.133
mapping,01:01.9,01:25.9,24,COMPLETE,14.12.48.67
mapping,01:01.9,01:25.8,23,COMPLETE,14.12.48.211
mapping,01:01.9,01:26.1,24,COMPLETE,14.12.61.156
mapping,01:02.3,01:27.0,24,COMPLETE,14.12.51.142
mapping,01:02.7,01:26.0,23,COMPLETE,14.12.31.69
mapping,01:02.6,01:27.7,25,COMPLETE,14.12.21.56
mapping,01:02.7,01:26.2,23,COMPLETE,14.12.52.86
mapping,01:02.9,01:26.5,23,COMPLETE,14.12.31.184
mapping,01:02.7,01:26.8,24,COMPLETE,14.12.54.118
mapping,01:03.4,01:27.9,24,COMPLETE,14.12.18.169
mapping,01:03.5,01:27.5,24,COMPLETE,14.12.24.104
mapping,01:03.6,01:27.4,23,COMPLETE,14.12.27.33
mapping,01:03.9,01:27.6,23,COMPLETE,14.12.19.124
mapping,01:01.6,01:26.0,24,COMPLETE,14.12.61.177
mapping,01:02.9,01:28.1,25,COMPLETE,14.12.63.164
mapping,01:02.8,01:28.2,25,COMPLETE,14.12.23.212
mapping,01:02.9,01:28.0,25,COMPLETE,14.12.54.140
mapping,01:03.4,01:29.4,26,COMPLETE,14.12.26.211
mapping,01:03.4,01:28.1,24,COMPLETE,14.12.20.214
mapping,01:03.4,01:28.7,25,COMPLETE,14.12.48.108
mapping,01:03.5,01:28.4,24,COMPLETE,14.12.49.102
mapping,01:03.8,01:29.2,25,COMPLETE,14.12.20.48
mapping,01:03.7,01:28.4,24,COMPLETE,14.12.56.81
mapping,01:03.6,01:28.0,24,COMPLETE,14.12.31.94
mapping,01:03.4,01:28.1,24,COMPLETE,14.12.51.118
mapping,01:03.8,01:28.6,24,COMPLETE,14.12.50.201
mapping,01:03.5,01:28.7,25,COMPLETE,14.12.50.61
mapping,01:03.8,01:29.6,25,COMPLETE,14.12.53.135
mapping,01:03.9,01:29.0,25,COMPLETE,14.12.17.173
mapping,01:03.8,01:29.9,26,COMPLETE,14.12.19.7
mapping,01:03.8,01:29.0,25,COMPLETE,14.12.63.104
mapping,01:03.7,01:29.8,26,COMPLETE,14.12.60.200
mapping,01:03.7,01:28.6,24,COMPLETE,14.12.50.252
mapping,01:04.2,01:29.1,24,COMPLETE,14.12.16.49
mapping,01:04.1,01:28.5,24,COMPLETE,14.12.55.233
mapping,01:04.0,01:28.6,24,COMPLETE,14.12.17.181
mapping,01:04.2,01:28.9,24,COMPLETE,14.12.56.196
mapping,01:04.2,01:29.0,24,COMPLETE,14.12.60.109
mapping,01:04.2,01:29.7,25,COMPLETE,14.12.62.252
mapping,01:04.3,01:30.0,25,COMPLETE,14.12.17.34
mapping,01:04.4,01:29.0,24,COMPLETE,14.12.21.117
mapping,01:04.2,01:29.8,25,COMPLETE,14.12.26.115
mapping,01:04.5,01:29.4,24,COMPLETE,14.12.57.17
mapping,01:04.6,01:29.0,24,COMPLETE,14.12.61.170
mapping,01:04.7,01:28.2,23,COMPLETE,14.12.51.104
mapping,01:04.6,01:29.4,24,COMPLETE,14.12.23.245
mapping,01:05.0,01:28.8,23,COMPLETE,14.12.59.30
mapping,01:05.4,01:29.8,24,COMPLETE,14.12.23.56
mapping,01:05.3,01:29.6,24,COMPLETE,14.12.24.185
mapping,01:05.5,01:29.9,24,COMPLETE,14.12.26.111
mapping,01:07.5,01:29.7,22,COMPLETE,14.12.58.245
mapping,01:04.2,01:30.6,26,COMPLETE,14.12.60.36
mapping,01:04.6,01:31.0,26,COMPLETE,14.12.17.121
mapping,01:04.9,01:30.5,25,COMPLETE,14.12.56.158
mapping,01:04.9,01:30.3,25,COMPLETE,14.12.50.31
mapping,01:05.0,01:31.5,26,COMPLETE,14.12.25.191
mapping,01:05.1,01:31.2,26,COMPLETE,14.12.59.69
mapping,01:05.3,01:30.2,24,COMPLETE,14.12.27.21
mapping,01:05.5,01:30.7,25,COMPLETE,14.12.55.27
mapping,01:05.9,01:30.3,24,COMPLETE,14.12.62.147
mapping,01:05.9,01:31.4,25,COMPLETE,14.12.57.77
mapping,01:06.1,01:31.4,25,COMPLETE,14.12.59.106
mapping,01:06.1,01:31.3,25,COMPLETE,14.12.60.183
mapping,01:06.6,01:30.4,23,COMPLETE,14.12.57.26
mapping,01:07.0,01:30.8,23,COMPLETE,14.12.50.48
mapping,01:07.1,01:30.8,23,COMPLETE,14.12.54.83
mapping,01:07.2,01:32.1,24,COMPLETE,14.12.48.183
mapping,01:07.3,01:31.9,24,COMPLETE,14.12.28.67
mapping,01:07.1,01:31.7,24,COMPLETE,14.12.60.221
mapping,01:07.3,01:31.9,24,COMPLETE,14.12.49.149
mapping,01:07.4,01:31.8,24,COMPLETE,14.12.58.132
mapping,01:08.0,01:32.2,24,COMPLETE,14.12.50.133
mapping,01:08.2,01:32.3,24,COMPLETE,14.12.63.20
mapping,01:08.7,01:31.0,22,COMPLETE,14.12.23.69
mapping,01:04.0,01:30.7,26,COMPLETE,14.12.56.86
mapping,01:07.0,01:34.0,26,COMPLETE,14.12.59.211
mapping,01:07.4,01:33.8,26,COMPLETE,14.12.57.249
mapping,01:07.4,01:33.8,26,COMPLETE,14.12.54.178
mapping,01:07.7,01:32.5,24,COMPLETE,14.12.22.51
mapping,01:07.6,01:32.8,25,COMPLETE,14.12.57.109
mapping,01:07.8,01:34.2,26,COMPLETE,14.12.54.65
mapping,01:08.0,01:32.5,24,COMPLETE,14.12.62.200
mapping,01:08.0,01:33.6,25,COMPLETE,14.12.57.226
mapping,01:07.8,01:33.2,25,COMPLETE,14.12.51.56
mapping,01:08.2,01:33.8,25,COMPLETE,14.12.21.114
mapping,01:08.1,01:32.7,24,COMPLETE,14.12.26.250
mapping,01:08.3,01:32.6,24,COMPLETE,14.12.22.156
mapping,01:08.3,01:34.2,25,COMPLETE,14.12.59.151
mapping,01:08.4,01:32.7,24,COMPLETE,14.12.59.77
mapping,01:08.6,01:33.8,25,COMPLETE,14.12.54.244
mapping,01:08.5,01:33.5,24,COMPLETE,14.12.62.107
mapping,01:08.5,01:33.0,24,COMPLETE,14.12.24.45
mapping,01:08.6,01:33.3,24,COMPLETE,14.12.59.225
mapping,01:08.6,01:32.8,24,COMPLETE,14.12.29.56
mapping,01:08.8,01:33.6,24,COMPLETE,14.12.58.116
mapping,01:08.8,01:32.5,23,COMPLETE,14.12.54.105
mapping,01:09.0,01:33.9,24,COMPLETE,14.12.29.253
mapping,01:09.0,01:33.5,24,COMPLETE,14.12.16.27
mapping,01:08.9,01:34.2,25,COMPLETE,14.12.27.165
mapping,01:09.1,01:33.0,23,COMPLETE,14.12.24.146
mapping,01:09.8,01:34.3,24,COMPLETE,14.12.51.122
mapping,01:09.9,01:33.5,23,COMPLETE,14.12.59.108
mapping,01:09.9,01:32.6,22,COMPLETE,14.12.23.49
mapping,01:10.1,01:34.5,24,COMPLETE,14.12.19.44
mapping,01:10.5,01:34.0,23,COMPLETE,14.12.20.200
mapping,01:10.6,01:34.6,24,COMPLETE,14.12.23.193
mapping,01:11.4,01:34.5,23,COMPLETE,14.12.25.178
mapping,01:09.2,01:34.8,25,COMPLETE,14.12.52.217
mapping,01:09.9,01:35.2,25,COMPLETE,14.12.52.172
mapping,01:09.7,01:34.9,25,COMPLETE,14.12.30.72
mapping,01:09.9,01:35.0,25,COMPLETE,14.12.62.57
mapping,01:10.7,01:35.1,24,COMPLETE,14.12.21.136
mapping,01:10.7,01:34.8,24,COMPLETE,14.12.60.38
mapping,01:11.1,01:35.3,24,COMPLETE,14.12.62.134
mapping,01:11.6,01:35.7,24,COMPLETE,14.12.18.250
mapping,01:11.6,01:35.3,23,COMPLETE,14.12.21.243
mapping,01:11.3,01:35.2,23,COMPLETE,14.12.62.136
mapping,01:11.7,01:36.0,24,COMPLETE,14.12.30.160
mapping,01:11.4,01:36.1,24,COMPLETE,14.12.25.99
mapping,01:11.7,01:36.5,24,COMPLETE,14.12.62.214
mapping,01:11.7,01:36.5,24,COMPLETE,14.12.26.34
mapping,01:11.9,01:36.7,24,COMPLETE,14.12.27.167
mapping,01:11.7,01:36.3,24,COMPLETE,14.12.18.207
mapping,01:12.4,01:36.7,24,COMPLETE,14.12.17.1
mapping,01:09.0,01:35.8,26,COMPLETE,14.12.51.75
mapping,01:11.7,01:37.2,25,COMPLETE,14.12.48.216
mapping,01:11.6,01:37.6,25,COMPLETE,14.12.54.254
mapping,01:11.9,01:37.4,25,COMPLETE,14.12.60.86
mapping,01:11.9,01:37.6,25,COMPLETE,14.12.25.77
mapping,01:11.9,01:37.6,25,COMPLETE,14.12.24.160
mapping,01:12.1,01:37.6,25,COMPLETE,14.12.30.139
mapping,01:12.6,01:37.5,24,COMPLETE,14.12.58.45
mapping,01:12.8,01:37.8,24,COMPLETE,14.12.56.103
mapping,01:12.4,01:37.2,24,COMPLETE,14.12.52.79
mapping,01:12.7,01:37.6,24,COMPLETE,14.12.20.226
mapping,01:13.0,01:38.0,24,COMPLETE,14.12.25.58
mapping,01:12.8,01:38.1,25,COMPLETE,14.12.29.13
mapping,01:12.9,01:36.9,24,COMPLETE,14.12.57.70
mapping,01:12.9,01:37.3,24,COMPLETE,14.12.53.254
mapping,01:13.1,01:38.2,25,COMPLETE,14.12.31.103
mapping,01:13.2,01:37.0,23,COMPLETE,14.12.54.209
mapping,01:13.3,01:38.8,25,COMPLETE,14.12.21.252
mapping,01:12.9,01:38.5,25,COMPLETE,14.12.60.33
mapping,01:13.5,01:37.2,23,COMPLETE,14.12.29.36
mapping,01:13.5,01:38.3,24,COMPLETE,14.12.30.19
mapping,01:14.0,01:38.9,24,COMPLETE,14.12.55.113
mapping,01:14.2,01:38.9,24,COMPLETE,14.12.52.20
mapping,01:14.1,01:38.2,24,COMPLETE,14.12.23.62
mapping,01:12.9,01:38.9,26,COMPLETE,14.12.28.248
mapping,01:13.4,01:39.8,26,COMPLETE,14.12.61.144
mapping,01:13.7,01:40.0,26,COMPLETE,14.12.57.208
mapping,01:14.3,01:40.2,25,COMPLETE,14.12.31.84
mapping,01:14.4,01:39.0,24,COMPLETE,14.12.22.53
mapping,01:14.8,01:40.3,25,COMPLETE,14.12.23.248
mapping,01:15.6,01:40.1,24,COMPLETE,14.12.30.37
mapping,01:16.1,01:40.8,24,COMPLETE,14.12.62.194
mapping,01:16.1,01:41.1,24,COMPLETE,14.12.29.96
mapping,01:16.5,01:40.5,23,COMPLETE,14.12.58.71
mapping,01:17.7,01:40.4,22,COMPLETE,14.12.56.123
mapping,01:14.3,01:41.4,27,COMPLETE,14.12.30.125
mapping,01:15.5,01:41.6,26,COMPLETE,14.12.55.201
mapping,01:16.2,01:41.1,24,COMPLETE,14.12.27.105
mapping,01:16.7,01:41.6,24,COMPLETE,14.12.16.31
mapping,01:17.3,01:42.2,24,COMPLETE,14.12.57.32
mapping,01:17.5,01:42.5,25,COMPLETE,14.12.20.70
mapping,01:17.7,01:43.3,25,COMPLETE,14.12.48.223
mapping,01:17.8,01:42.2,24,COMPLETE,14.12.54.173
mapping,01:17.8,01:41.7,23,COMPLETE,14.12.21.148
mapping,01:18.0,01:41.3,23,COMPLETE,14.12.62.83
mapping,01:18.6,01:42.7,24,COMPLETE,14.12.49.186
mapping,01:18.5,01:42.7,24,COMPLETE,14.12.53.71
mapping,01:18.9,01:42.4,23,COMPLETE,14.12.56.41
mapping,01:19.9,01:43.8,23,COMPLETE,14.12.48.62
mapping,01:20.5,01:45.6,25,COMPLETE,14.12.19.119
mapping,01:20.5,01:45.0,24,COMPLETE,14.12.50.87
mapping,01:21.9,01:45.2,23,COMPLETE,14.12.58.133
mapping,01:19.4,01:44.0,24,COMPLETE,14.12.23.88
mapping,01:20.7,01:46.4,25,COMPLETE,14.12.58.106
mapping,01:20.8,01:45.9,25,COMPLETE,14.12.63.119
mapping,01:20.7,01:46.4,25,COMPLETE,14.12.19.193
mapping,01:21.0,01:46.3,25,COMPLETE,14.12.56.136
mapping,01:21.5,01:47.2,25,COMPLETE,14.12.63.213
mapping,01:21.8,01:46.3,24,COMPLETE,14.12.53.84
mapping,01:21.9,01:46.8,24,COMPLETE,14.12.58.146
mapping,01:21.8,01:46.2,24,COMPLETE,14.12.54.148
mapping,01:22.5,01:47.2,24,COMPLETE,14.12.16.75
mapping,01:22.4,01:47.5,25,COMPLETE,14.12.22.252
mapping,01:22.8,01:46.2,23,COMPLETE,14.12.50.99
mapping,01:23.1,01:47.4,24,COMPLETE,14.12.26.155
mapping,01:23.2,01:47.8,24,COMPLETE,14.12.51.52
mapping,01:23.3,01:47.9,24,COMPLETE,14.12.57.78
mapping,01:23.0,01:47.4,24,COMPLETE,14.12.60.147
mapping,01:23.4,01:47.8,24,COMPLETE,14.12.26.216
mapping,01:23.7,01:47.5,23,COMPLETE,14.12.62.116
mapping,01:23.6,01:47.4,23,COMPLETE,14.12.60.194
mapping,01:23.7,01:46.6,22,COMPLETE,14.12.53.149
mapping,01:23.6,01:46.7,23,COMPLETE,14.12.51.27
mapping,01:23.7,01:46.7,23,COMPLETE,14.12.51.73
mapping,01:23.5,01:46.8,23,COMPLETE,14.12.55.164
mapping,01:23.7,01:46.7,22,COMPLETE,14.12.62.39
mapping,01:23.9,01:47.5,23,COMPLETE,14.12.63.45
mapping,01:24.0,01:46.3,22,COMPLETE,14.12.63.99
mapping,01:23.9,01:47.0,23,COMPLETE,14.12.30.208
mapping,01:23.9,01:46.8,22,COMPLETE,14.12.63.96
mapping,01:24.0,01:47.5,23,COMPLETE,14.12.22.60
mapping,01:24.2,01:46.0,21,COMPLETE,14.12.24.82
mapping,01:23.7,01:46.8,23,COMPLETE,14.12.24.253
mapping,01:24.2,01:46.9,22,COMPLETE,14.12.29.14
mapping,01:24.2,01:47.2,23,COMPLETE,14.12.22.203
mapping,01:24.4,01:47.6,23,COMPLETE,14.12.48.170
mapping,01:24.7,01:47.6,22,COMPLETE,14.12.56.52
mapping,01:24.7,01:46.1,21,COMPLETE,14.12.53.68
mapping,01:24.8,01:47.7,22,COMPLETE,14.12.16.188
mapping,01:24.8,01:47.7,22,COMPLETE,14.12.27.120
mapping,01:25.0,01:47.4,22,COMPLETE,14.12.31.74
mapping,01:22.1,01:48.3,26,COMPLETE,14.12.49.189
mapping,01:22.6,01:48.2,25,COMPLETE,14.12.48.195
mapping,01:22.6,01:49.4,26,COMPLETE,14.12.26.11
mapping,01:23.7,01:48.1,24,COMPLETE,14.12.60.177
mapping,01:23.7,01:48.0,24,COMPLETE,14.12.57.117
mapping,01:23.8,01:48.0,24,COMPLETE,14.12.31.134
mapping,01:23.9,01:48.3,24,COMPLETE,14.12.59.57
mapping,01:24.2,01:47.8,23,COMPLETE,14.12.54.12
mapping,01:24.1,01:48.2,24,COMPLETE,14.12.49.13
mapping,01:24.4,01:48.4,24,COMPLETE,14.12.48.93
mapping,01:24.3,01:48.9,24,COMPLETE,14.12.20.169
mapping,01:24.3,01:48.9,24,COMPLETE,14.12.49.210
mapping,01:24.4,01:48.4,23,COMPLETE,14.12.18.146
mapping,01:24.5,01:48.4,23,COMPLETE,14.12.48.59
mapping,01:24.5,01:48.6,24,COMPLETE,14.12.51.243
mapping,01:24.5,01:48.2,23,COMPLETE,14.12.29.114
mapping,01:24.3,01:48.1,23,COMPLETE,14.12.49.82
mapping,01:24.8,01:48.4,23,COMPLETE,14.12.16.140
mapping,01:24.8,01:49.0,24,COMPLETE,14.12.55.48
mapping,01:24.9,01:49.1,24,COMPLETE,14.12.29.156
mapping,01:24.7,01:48.4,23,COMPLETE,14.12.49.111
mapping,01:25.0,01:49.2,24,COMPLETE,14.12.29.206
mapping,01:25.0,01:48.9,23,COMPLETE,14.12.61.103
mapping,01:25.1,01:50.0,24,COMPLETE,14.12.60.159
mapping,01:25.2,01:49.4,24,COMPLETE,14.12.16.103
mapping,01:25.6,01:49.7,24,COMPLETE,14.12.28.251
mapping,01:26.0,01:49.2,23,COMPLETE,14.12.31.69
mapping,01:28.2,01:49.8,21,COMPLETE,14.12.23.212
mapping,01:28.4,01:49.9,21,COMPLETE,14.12.49.102
mapping,01:28.8,01:50.0,21,COMPLETE,14.12.59.30
mapping,01:21.6,01:47.7,26,COMPLETE,14.12.55.151
mapping,01:24.8,01:50.2,25,COMPLETE,14.12.48.13
mapping,01:25.2,01:51.8,26,COMPLETE,14.12.60.251
mapping,01:25.0,01:50.4,25,COMPLETE,14.12.53.128
mapping,01:25.0,01:50.7,25,COMPLETE,14.12.53.13
mapping,01:25.4,01:50.1,24,COMPLETE,14.12.59.5
mapping,01:25.6,01:50.7,25,COMPLETE,14.12.57.190
mapping,01:25.6,01:50.0,24,COMPLETE,14.12.59.14
mapping,01:25.8,01:50.5,24,COMPLETE,14.12.48.211
mapping,01:25.9,01:51.2,25,COMPLETE,14.12.48.67
mapping,01:26.0,01:50.5,24,COMPLETE,14.12.61.177
mapping,01:26.2,01:51.0,24,COMPLETE,14.12.52.86
mapping,01:26.1,01:50.5,24,COMPLETE,14.12.61.156
mapping,01:26.5,01:51.5,25,COMPLETE,14.12.31.184
mapping,01:26.6,01:50.8,24,COMPLETE,14.12.60.133
mapping,01:26.8,01:50.7,23,COMPLETE,14.12.54.118
mapping,01:27.0,01:50.4,23,COMPLETE,14.12.51.142
mapping,01:27.4,01:51.4,23,COMPLETE,14.12.27.33
mapping,01:27.5,01:50.7,23,COMPLETE,14.12.24.104
mapping,01:27.6,01:51.6,24,COMPLETE,14.12.19.124
mapping,01:27.7,01:51.7,24,COMPLETE,14.12.21.56
mapping,01:27.9,01:51.4,23,COMPLETE,14.12.18.169
mapping,01:28.1,01:51.3,23,COMPLETE,14.12.63.164
mapping,01:28.0,01:50.4,22,COMPLETE,14.12.31.94
mapping,01:28.0,01:51.8,23,COMPLETE,14.12.54.140
mapping,01:28.1,01:52.0,23,COMPLETE,14.12.20.214
mapping,01:28.2,01:51.4,23,COMPLETE,14.12.51.104
mapping,01:28.4,01:51.3,22,COMPLETE,14.12.56.81
mapping,01:28.6,01:51.9,23,COMPLETE,14.12.50.201
mapping,01:28.7,01:51.5,22,COMPLETE,14.12.48.108
mapping,01:28.6,01:51.0,22,COMPLETE,14.12.17.181
mapping,01:28.7,01:51.6,22,COMPLETE,14.12.50.61
mapping,01:28.9,01:52.0,23,COMPLETE,14.12.56.196
mapping,01:29.0,01:51.1,22,COMPLETE,14.12.63.104
mapping,01:29.1,01:50.7,21,COMPLETE,14.12.16.49
mapping,01:29.4,01:51.2,21,COMPLETE,14.12.26.211
mapping,01:28.1,01:52.1,23,COMPLETE,14.12.51.118
mapping,01:28.5,01:52.6,24,COMPLETE,14.12.55.233
mapping,01:29.0,01:53.2,24,COMPLETE,14.12.17.173
mapping,01:29.2,01:54.0,24,COMPLETE,14.12.20.48
mapping,01:28.6,01:52.2,23,COMPLETE,14.12.50.252
mapping,01:29.0,01:53.1,24,COMPLETE,14.12.61.170
mapping,01:29.0,01:52.3,23,COMPLETE,14.12.60.109
mapping,01:29.0,01:52.7,23,COMPLETE,14.12.21.117
mapping,01:29.5,01:52.5,23,COMPLETE,14.12.57.17
mapping,01:29.4,01:53.9,24,COMPLETE,14.12.23.245
mapping,01:29.6,01:52.6,22,COMPLETE,14.12.53.135
mapping,01:29.7,01:53.7,23,COMPLETE,14.12.58.245
mapping,01:29.7,01:52.2,22,COMPLETE,14.12.62.252
mapping,01:29.8,01:53.9,24,COMPLETE,14.12.23.56
mapping,01:30.3,01:53.7,23,COMPLETE,14.12.50.31
mapping,01:30.6,01:54.1,23,COMPLETE,14.12.60.36
mapping,01:30.7,01:54.1,23,COMPLETE,14.12.55.27
mapping,01:30.8,01:53.6,22,COMPLETE,14.12.54.83
mapping,01:31.0,01:53.8,22,COMPLETE,14.12.23.69
mapping,01:31.1,01:54.1,23,COMPLETE,14.12.17.121
mapping,01:29.9,01:54.7,24,COMPLETE,14.12.19.7
mapping,01:29.9,01:54.5,24,COMPLETE,14.12.26.111
mapping,01:29.8,01:54.3,24,COMPLETE,14.12.60.200
mapping,01:29.8,01:54.2,24,COMPLETE,14.12.26.115
mapping,01:30.0,01:54.7,24,COMPLETE,14.12.17.34
mapping,01:30.2,01:55.1,24,COMPLETE,14.12.27.21
mapping,01:30.3,01:54.7,24,COMPLETE,14.12.62.147
mapping,01:30.5,01:54.4,23,COMPLETE,14.12.56.158
mapping,01:30.4,01:54.4,23,COMPLETE,14.12.57.26
mapping,01:30.7,01:56.1,25,COMPLETE,14.12.56.86
mapping,01:30.8,01:54.6,23,COMPLETE,14.12.50.48
mapping,01:31.2,01:54.7,23,COMPLETE,14.12.59.69
mapping,01:31.4,01:54.6,23,COMPLETE,14.12.59.106
mapping,01:31.3,01:54.5,23,COMPLETE,14.12.60.183
mapping,01:31.5,01:55.0,23,COMPLETE,14.12.25.191
mapping,01:31.4,01:56.2,24,COMPLETE,14.12.57.77
mapping,01:31.8,01:54.7,22,COMPLETE,14.12.58.132
mapping,01:31.9,01:55.5,23,COMPLETE,14.12.28.67
mapping,01:31.9,01:54.8,22,COMPLETE,14.12.49.149
mapping,01:32.1,01:55.3,23,COMPLETE,14.12.48.183
mapping,01:32.3,01:56.4,24,COMPLETE,14.12.63.20
mapping,01:32.2,01:55.3,23,COMPLETE,14.12.50.133
mapping,01:32.5,01:55.8,23,COMPLETE,14.12.22.51
mapping,01:32.6,01:55.3,22,COMPLETE,14.12.23.49
mapping,01:32.7,01:56.4,23,COMPLETE,14.12.59.77
mapping,01:32.8,01:56.1,23,COMPLETE,14.12.29.56
mapping,01:32.7,01:55.7,22,COMPLETE,14.12.26.250
mapping,01:32.8,01:55.9,23,COMPLETE,14.12.57.109
mapping,01:33.0,01:55.5,22,COMPLETE,14.12.24.146
mapping,01:33.5,01:56.3,22,COMPLETE,14.12.16.27
mapping,01:29.6,01:54.5,24,COMPLETE,14.12.24.185
mapping,01:31.7,01:56.4,24,COMPLETE,14.12.60.221
mapping,01:32.5,01:57.0,24,COMPLETE,14.12.54.105
mapping,01:32.5,01:57.1,24,COMPLETE,14.12.62.200
mapping,01:32.6,01:56.6,24,COMPLETE,14.12.22.156
mapping,01:33.0,01:57.1,24,COMPLETE,14.12.24.45
mapping,01:33.3,01:56.7,23,COMPLETE,14.12.59.225
mapping,01:33.2,01:57.0,23,COMPLETE,14.12.51.56
mapping,01:33.5,01:56.9,23,COMPLETE,14.12.59.108
mapping,01:33.5,01:58.3,24,COMPLETE,14.12.62.107
mapping,01:33.6,01:57.7,24,COMPLETE,14.12.58.116
mapping,01:33.6,01:58.6,25,COMPLETE,14.12.57.226
mapping,01:33.8,01:56.7,22,COMPLETE,14.12.57.249
mapping,01:33.8,01:56.9,23,COMPLETE,14.12.21.114
mapping,01:33.9,01:57.9,24,COMPLETE,14.12.29.253
mapping,01:34.0,01:57.9,23,COMPLETE,14.12.20.200
mapping,01:34.2,01:56.9,22,COMPLETE,14.12.54.65
mapping,01:34.3,01:57.1,22,COMPLETE,14.12.51.122
mapping,01:34.2,01:57.7,23,COMPLETE,14.12.59.151
mapping,01:34.0,01:57.7,23,COMPLETE,14.12.59.211
mapping,01:34.5,01:56.6,22,COMPLETE,14.12.25.178
mapping,01:34.5,01:58.2,23,COMPLETE,14.12.19.44
mapping,01:34.6,01:57.3,22,COMPLETE,14.12.23.193
mapping,01:34.8,01:58.3,23,COMPLETE,14.12.60.38
mapping,01:35.3,01:58.1,22,COMPLETE,14.12.21.243
mapping,01:35.1,01:58.7,23,COMPLETE,14.12.21.136
mapping,01:35.0,01:58.3,23,COMPLETE,14.12.62.57
mapping,01:35.7,01:58.8,23,COMPLETE,14.12.18.250
mapping,01:33.8,01:58.9,25,COMPLETE,14.12.54.244
mapping,01:33.8,01:58.5,24,COMPLETE,14.12.54.178
mapping,01:34.2,01:58.9,24,COMPLETE,14.12.27.165
mapping,01:34.8,01:58.8,24,COMPLETE,14.12.52.217
mapping,01:34.9,01:59.3,24,COMPLETE,14.12.30.72
mapping,01:35.3,01:58.8,23,COMPLETE,14.12.62.134
mapping,01:35.2,01:58.7,23,COMPLETE,14.12.62.136
mapping,01:36.0,02:00.6,24,COMPLETE,14.12.30.160
mapping,01:36.1,01:58.9,22,COMPLETE,14.12.25.99
mapping,01:36.5,02:00.0,23,COMPLETE,14.12.62.214
mapping,01:36.5,02:00.6,24,COMPLETE,14.12.26.34
mapping,01:36.7,02:00.3,23,COMPLETE,14.12.27.167
mapping,01:37.0,02:00.4,23,COMPLETE,14.12.54.209
mapping,01:37.4,02:00.2,22,COMPLETE,14.12.60.86
mapping,01:37.5,02:00.4,22,COMPLETE,14.12.58.45
mapping,01:37.2,02:00.3,23,COMPLETE,14.12.52.79
mapping,01:35.8,02:02.5,26,COMPLETE,14.12.51.75
mapping,01:36.4,02:01.3,24,COMPLETE,14.12.18.207
mapping,01:36.7,02:01.1,24,COMPLETE,14.12.17.1
mapping,01:36.9,02:01.0,24,COMPLETE,14.12.57.70
mapping,01:37.2,02:01.3,24,COMPLETE,14.12.29.36
mapping,01:37.2,02:01.1,23,COMPLETE,14.12.48.216
mapping,01:37.3,02:01.5,24,COMPLETE,14.12.53.254
mapping,01:37.6,02:01.0,23,COMPLETE,14.12.25.77
mapping,01:37.6,02:02.4,24,COMPLETE,14.12.30.139
mapping,01:37.6,02:01.8,24,COMPLETE,14.12.24.160
mapping,01:37.6,02:02.2,24,COMPLETE,14.12.54.254
mapping,01:37.6,02:02.0,24,COMPLETE,14.12.20.226
mapping,01:38.2,02:02.4,24,COMPLETE,14.12.23.62
mapping,01:38.3,02:02.3,23,COMPLETE,14.12.30.19
mapping,01:38.9,02:02.7,23,COMPLETE,14.12.55.113
mapping,01:38.5,02:02.3,23,COMPLETE,14.12.60.33
mapping,01:39.0,02:02.5,23,COMPLETE,14.12.22.53
mapping,01:35.2,02:01.3,26,COMPLETE,14.12.52.172
mapping,01:37.8,02:03.6,25,COMPLETE,14.12.56.103
mapping,01:38.0,02:03.2,25,COMPLETE,14.12.25.58
mapping,01:38.2,02:03.8,25,COMPLETE,14.12.31.103
mapping,01:38.1,02:02.8,24,COMPLETE,14.12.29.13
mapping,01:38.8,02:03.8,24,COMPLETE,14.12.21.252
mapping,01:38.9,02:03.9,25,COMPLETE,14.12.52.20
mapping,01:38.9,02:03.2,24,COMPLETE,14.12.28.248
mapping,01:40.1,02:04.1,24,COMPLETE,14.12.30.37
mapping,01:40.2,02:04.9,24,COMPLETE,14.12.31.84
mapping,01:40.4,02:04.2,23,COMPLETE,14.12.56.123
mapping,01:40.0,02:03.3,23,COMPLETE,14.12.57.208
mapping,01:40.3,02:03.1,22,COMPLETE,14.12.23.248
mapping,01:40.5,02:03.4,22,COMPLETE,14.12.58.71
mapping,01:40.8,02:05.0,24,COMPLETE,14.12.62.194
mapping,01:41.1,02:04.4,23,COMPLETE,14.12.29.96
mapping,01:41.1,02:04.4,23,COMPLETE,14.12.27.105
mapping,01:41.3,02:03.4,22,COMPLETE,14.12.62.83
mapping,01:41.6,02:03.4,21,COMPLETE,14.12.16.31
mapping,01:41.7,02:04.8,23,COMPLETE,14.12.21.148
mapping,01:42.2,02:04.0,21,COMPLETE,14.12.54.173
mapping,01:42.2,02:04.8,22,COMPLETE,14.12.57.32
mapping,01:42.5,02:04.3,21,COMPLETE,14.12.20.70
mapping,01:42.7,02:04.3,21,COMPLETE,14.12.49.186
mapping,01:42.7,02:04.7,21,COMPLETE,14.12.53.71
mapping,01:43.3,02:04.5,21,COMPLETE,14.12.48.223
mapping,01:43.8,02:04.6,20,COMPLETE,14.12.48.62
mapping,01:41.4,02:05.3,23,COMPLETE,14.12.30.125
mapping,01:41.6,02:06.1,24,COMPLETE,14.12.55.201
mapping,01:42.4,02:06.2,23,COMPLETE,14.12.56.41
mapping,01:44.0,02:05.9,21,COMPLETE,14.12.23.88
mapping,01:45.0,02:06.4,21,COMPLETE,14.12.50.87
mapping,01:45.6,02:06.6,20,COMPLETE,14.12.19.119
mapping,01:46.2,02:07.1,20,COMPLETE,14.12.50.99
mapping,01:39.8,02:06.6,26,COMPLETE,14.12.61.144
mapping,01:45.2,02:07.2,22,COMPLETE,14.12.58.133
mapping,01:45.9,02:08.2,22,COMPLETE,14.12.63.119
mapping,01:46.0,02:08.8,22,COMPLETE,14.12.24.82
mapping,01:46.3,02:09.4,23,COMPLETE,14.12.63.99
mapping,01:46.3,02:08.8,22,COMPLETE,14.12.53.84
mapping,01:46.3,02:08.8,22,COMPLETE,14.12.56.136
mapping,01:46.1,02:09.4,23,COMPLETE,14.12.53.68
mapping,01:46.2,02:09.9,23,COMPLETE,14.12.54.148
mapping,01:46.4,02:10.2,23,COMPLETE,14.12.58.106
mapping,01:46.6,02:11.1,24,COMPLETE,14.12.53.149
mapping,01:46.4,02:10.2,23,COMPLETE,14.12.19.193
mapping,01:46.7,02:10.3,23,COMPLETE,14.12.51.27
mapping,01:46.7,02:10.6,23,COMPLETE,14.12.51.73
mapping,01:46.7,02:10.0,23,COMPLETE,14.12.62.39
mapping,01:46.8,02:10.8,23,COMPLETE,14.12.63.96
mapping,01:46.8,02:09.5,22,COMPLETE,14.12.58.146
mapping,01:47.0,02:10.1,23,COMPLETE,14.12.30.208
mapping,01:48.9,02:11.5,22,COMPLETE,14.12.61.103
mapping,01:46.8,02:11.3,24,COMPLETE,14.12.55.164
mapping,01:46.8,02:12.6,25,COMPLETE,14.12.24.253
mapping,01:47.2,02:11.6,24,COMPLETE,14.12.16.75
mapping,01:47.4,02:11.8,24,COMPLETE,14.12.26.155
mapping,01:47.2,02:12.2,25,COMPLETE,14.12.63.213
mapping,01:47.2,02:12.7,25,COMPLETE,14.12.22.203
mapping,01:47.5,02:12.8,25,COMPLETE,14.12.62.116
mapping,01:47.4,02:13.0,25,COMPLETE,14.12.31.74
mapping,01:47.4,02:12.8,25,COMPLETE,14.12.60.194
mapping,01:47.5,02:13.2,25,COMPLETE,14.12.63.45
mapping,01:47.5,02:12.4,24,COMPLETE,14.12.22.60
mapping,01:47.6,02:13.2,25,COMPLETE,14.12.56.52
mapping,01:47.4,02:13.1,25,COMPLETE,14.12.60.147
mapping,01:47.5,02:12.8,25,COMPLETE,14.12.22.252
mapping,01:47.7,02:12.7,24,COMPLETE,14.12.16.188
mapping,01:47.8,02:12.5,24,COMPLETE,14.12.51.52
mapping,01:47.7,02:13.3,25,COMPLETE,14.12.27.120
mapping,01:47.9,02:13.7,25,COMPLETE,14.12.57.78
mapping,01:47.8,02:12.9,25,COMPLETE,14.12.26.216
mapping,01:47.8,02:13.6,25,COMPLETE,14.12.54.12
mapping,01:48.2,02:13.0,24,COMPLETE,14.12.48.195
mapping,01:49.2,02:12.6,23,COMPLETE,14.12.29.206
mapping,01:49.4,02:12.7,23,COMPLETE,14.12.16.103
mapping,01:49.7,02:13.5,23,COMPLETE,14.12.28.251
mapping,01:46.9,02:12.3,25,COMPLETE,14.12.29.14
mapping,01:47.6,02:13.5,25,COMPLETE,14.12.48.170
mapping,01:48.0,02:14.0,26,COMPLETE,14.12.31.134
mapping,01:48.1,02:14.6,26,COMPLETE,14.12.60.177
mapping,01:47.7,02:15.2,27,COMPLETE,14.12.55.151
mapping,01:48.0,02:14.2,26,COMPLETE,14.12.57.117
mapping,01:48.2,02:14.0,25,COMPLETE,14.12.29.114
mapping,01:48.3,02:14.0,25,COMPLETE,14.12.59.57
mapping,01:48.3,02:15.3,26,COMPLETE,14.12.49.189
mapping,01:48.4,02:14.8,26,COMPLETE,14.12.48.93
mapping,01:48.1,02:15.2,27,COMPLETE,14.12.49.82
mapping,01:48.4,02:14.8,26,COMPLETE,14.12.48.59
mapping,01:48.2,02:14.4,26,COMPLETE,14.12.49.13
mapping,01:48.4,02:15.7,27,COMPLETE,14.12.18.146
mapping,01:48.4,02:14.2,25,COMPLETE,14.12.49.111
mapping,01:48.6,02:14.8,26,COMPLETE,14.12.51.243
mapping,01:49.0,02:15.3,26,COMPLETE,14.12.55.48
mapping,01:48.9,02:15.3,26,COMPLETE,14.12.20.169
mapping,01:48.9,02:15.6,26,COMPLETE,14.12.49.210
mapping,01:49.2,02:15.4,26,COMPLETE,14.12.31.69
mapping,01:49.1,02:14.5,25,COMPLETE,14.12.29.156
mapping,01:49.4,02:15.2,25,COMPLETE,14.12.26.11
mapping,01:49.8,02:14.6,24,COMPLETE,14.12.23.212
mapping,01:50.7,02:15.5,24,COMPLETE,14.12.24.104
mapping,01:50.7,02:14.5,23,COMPLETE,14.12.57.190
mapping,01:53.7,02:15.9,22,COMPLETE,14.12.58.245
mapping,01:49.9,02:16.2,26,COMPLETE,14.12.49.102
mapping,01:50.0,02:16.9,26,COMPLETE,14.12.59.30
mapping,01:50.0,02:16.5,26,COMPLETE,14.12.60.159
mapping,01:50.0,02:16.4,26,COMPLETE,14.12.59.14
mapping,01:50.1,02:16.9,26,COMPLETE,14.12.59.5
mapping,01:50.4,02:16.0,25,COMPLETE,14.12.31.94
mapping,01:50.5,02:17.3,26,COMPLETE,14.12.61.177
mapping,01:50.2,02:17.3,27,COMPLETE,14.12.48.13
mapping,01:50.5,02:17.5,26,COMPLETE,14.12.48.211
mapping,01:50.7,02:17.6,26,COMPLETE,14.12.16.49
mapping,01:50.4,02:16.8,26,COMPLETE,14.12.51.142
mapping,01:50.5,02:16.5,25,COMPLETE,14.12.61.156
mapping,01:50.8,02:16.2,25,COMPLETE,14.12.60.133
mapping,01:51.0,02:16.3,25,COMPLETE,14.12.52.86
mapping,01:50.7,02:16.4,25,COMPLETE,14.12.54.118
mapping,01:50.7,02:16.5,25,COMPLETE,14.12.53.13
mapping,01:51.1,02:16.1,24,COMPLETE,14.12.63.104
mapping,01:51.2,02:17.0,25,COMPLETE,14.12.26.211
mapping,01:51.2,02:17.9,26,COMPLETE,14.12.48.67
mapping,01:51.4,02:17.8,26,COMPLETE,14.12.18.169
mapping,01:51.5,02:17.7,26,COMPLETE,14.12.31.184
mapping,01:51.5,02:17.2,25,COMPLETE,14.12.48.108
mapping,01:51.6,02:17.8,26,COMPLETE,14.12.19.124
mapping,01:53.2,02:16.6,23,COMPLETE,14.12.17.173
mapping,01:53.8,02:17.3,23,COMPLETE,14.12.23.69
mapping,01:54.7,02:17.6,22,COMPLETE,14.12.58.132
mapping,01:48.4,02:16.2,27,COMPLETE,14.12.16.140
mapping,01:50.4,02:18.0,27,COMPLETE,14.12.53.128
mapping,01:51.0,02:18.2,27,COMPLETE,14.12.17.181
mapping,01:51.3,02:18.7,27,COMPLETE,14.12.63.164
mapping,01:51.3,02:18.9,27,COMPLETE,14.12.56.81
mapping,01:51.4,02:18.6,27,COMPLETE,14.12.27.33
mapping,01:51.4,02:18.1,26,COMPLETE,14.12.51.104
mapping,01:51.9,02:18.6,26,COMPLETE,14.12.50.201
mapping,01:51.7,02:19.8,28,COMPLETE,14.12.21.56
mapping,01:51.8,02:18.5,26,COMPLETE,14.12.60.251
mapping,01:51.6,02:18.3,26,COMPLETE,14.12.50.61
mapping,01:51.8,02:18.8,27,COMPLETE,14.12.54.140
mapping,01:52.0,02:19.4,27,COMPLETE,14.12.56.196
mapping,01:52.0,02:19.9,27,COMPLETE,14.12.20.214
mapping,01:52.2,02:19.5,27,COMPLETE,14.12.62.252
mapping,01:52.6,02:19.6,26,COMPLETE,14.12.55.233
mapping,01:53.1,02:19.2,26,COMPLETE,14.12.61.170
mapping,01:54.0,02:19.3,25,COMPLETE,14.12.20.48
mapping,01:53.9,02:19.8,25,COMPLETE,14.12.23.56
mapping,01:53.9,02:19.3,25,COMPLETE,14.12.23.245
mapping,01:54.8,02:19.4,24,COMPLETE,14.12.49.149
mapping,01:55.5,02:19.2,23,COMPLETE,14.12.28.67
mapping,01:56.3,02:19.4,23,COMPLETE,14.12.16.27
mapping,01:57.9,02:19.2,21,COMPLETE,14.12.29.253
mapping,01:58.1,02:20.1,21,COMPLETE,14.12.21.243
mapping,01:52.3,02:20.0,27,COMPLETE,14.12.60.109
mapping,01:52.2,02:19.8,27,COMPLETE,14.12.50.252
mapping,01:52.6,02:20.1,27,COMPLETE,14.12.53.135
mapping,01:52.5,02:20.9,28,COMPLETE,14.12.57.17
mapping,01:52.7,02:20.6,27,COMPLETE,14.12.21.117
mapping,01:53.6,02:21.2,27,COMPLETE,14.12.54.83
mapping,01:53.7,02:20.0,26,COMPLETE,14.12.50.31
mapping,01:54.1,02:20.7,26,COMPLETE,14.12.17.121
mapping,01:54.1,02:20.6,26,COMPLETE,14.12.55.27
mapping,01:54.1,02:20.4,26,COMPLETE,14.12.60.36
mapping,01:54.3,02:20.5,26,COMPLETE,14.12.60.200
mapping,01:54.4,02:20.4,26,COMPLETE,14.12.57.26
mapping,01:54.4,02:20.9,26,COMPLETE,14.12.56.158
mapping,01:54.5,02:21.7,27,COMPLETE,14.12.26.111
mapping,01:54.6,02:22.0,27,COMPLETE,14.12.59.106
mapping,01:54.7,02:21.6,26,COMPLETE,14.12.62.147
mapping,01:55.5,02:21.7,26,COMPLETE,14.12.24.146
mapping,01:58.3,02:21.1,22,COMPLETE,14.12.62.107
mapping,01:58.9,02:20.7,21,COMPLETE,14.12.25.99
mapping,01:52.1,02:20.5,28,COMPLETE,14.12.51.118
mapping,01:54.2,02:22.6,28,COMPLETE,14.12.26.115
mapping,01:54.6,02:22.4,27,COMPLETE,14.12.50.48
mapping,01:54.5,02:22.7,28,COMPLETE,14.12.60.183
mapping,01:54.5,02:22.6,28,COMPLETE,14.12.24.185
mapping,01:54.7,02:22.8,28,COMPLETE,14.12.59.69
mapping,01:54.7,02:23.3,28,COMPLETE,14.12.17.34
mapping,01:54.7,02:23.4,28,COMPLETE,14.12.19.7
mapping,01:55.0,02:22.7,27,COMPLETE,14.12.25.191
mapping,01:55.1,02:24.1,28,COMPLETE,14.12.27.21
mapping,01:55.3,02:22.8,27,COMPLETE,14.12.23.49
mapping,01:55.3,02:23.6,28,COMPLETE,14.12.50.133
mapping,01:55.7,02:23.2,27,COMPLETE,14.12.26.250
mapping,01:55.8,02:22.7,26,COMPLETE,14.12.22.51
mapping,01:55.9,02:22.4,26,COMPLETE,14.12.57.109
mapping,01:56.1,02:23.3,27,COMPLETE,14.12.29.56
mapping,01:56.1,02:23.6,27,COMPLETE,14.12.56.86
mapping,01:56.4,02:23.9,27,COMPLETE,14.12.63.20
mapping,01:56.4,02:22.5,26,COMPLETE,14.12.59.77
mapping,01:56.4,02:23.4,26,COMPLETE,14.12.60.221
mapping,01:56.6,02:24.1,27,COMPLETE,14.12.22.156
mapping,01:57.0,02:23.9,26,COMPLETE,14.12.51.56
mapping,02:00.6,02:22.2,21,COMPLETE,14.12.26.34
mapping,01:56.2,02:24.8,28,COMPLETE,14.12.57.77
mapping,01:56.6,02:24.9,28,COMPLETE,14.12.25.178
mapping,01:56.7,02:25.1,28,COMPLETE,14.12.59.225
mapping,01:56.7,02:25.0,28,COMPLETE,14.12.57.249
mapping,01:56.9,02:25.1,28,COMPLETE,14.12.54.65
mapping,01:56.9,02:25.0,28,COMPLETE,14.12.59.108
mapping,01:56.9,02:24.7,27,COMPLETE,14.12.21.114
mapping,01:57.0,02:25.6,28,COMPLETE,14.12.54.105
mapping,01:57.1,02:24.9,27,COMPLETE,14.12.51.122
mapping,01:57.1,02:24.9,27,COMPLETE,14.12.62.200
mapping,01:57.1,02:25.1,27,COMPLETE,14.12.24.45
mapping,01:57.3,02:24.5,27,COMPLETE,14.12.23.193
mapping,01:57.7,02:26.1,28,COMPLETE,14.12.59.151
mapping,01:57.7,02:25.5,27,COMPLETE,14.12.58.116
mapping,01:57.9,02:24.5,26,COMPLETE,14.12.20.200
mapping,01:57.7,02:25.0,27,COMPLETE,14.12.59.211
mapping,01:58.2,02:25.8,27,COMPLETE,14.12.19.44
mapping,01:58.3,02:25.1,26,COMPLETE,14.12.60.38
mapping,01:58.8,02:25.6,26,COMPLETE,14.12.18.250
mapping,01:58.5,02:25.4,26,COMPLETE,14.12.54.178
mapping,01:58.9,02:25.9,26,COMPLETE,14.12.54.244
mapping,01:59.0,02:26.1,27,COMPLETE,14.12.27.165
mapping,02:00.2,02:25.2,24,COMPLETE,14.12.60.86
mapping,02:01.1,02:25.0,23,COMPLETE,14.12.48.216
mapping,02:01.0,02:25.4,24,COMPLETE,14.12.57.70
mapping,02:01.0,02:26.0,25,COMPLETE,14.12.25.77
mapping,02:01.3,02:26.1,24,COMPLETE,14.12.52.172
mapping,02:01.3,02:25.0,23,COMPLETE,14.12.18.207
mapping,02:01.5,02:25.8,24,COMPLETE,14.12.53.254
mapping,02:01.8,02:25.9,24,COMPLETE,14.12.24.160
mapping,02:02.4,02:26.1,23,COMPLETE,14.12.23.62
mapping,02:02.2,02:25.4,23,COMPLETE,14.12.54.254
mapping,02:02.3,02:24.8,22,COMPLETE,14.12.60.33
mapping,02:02.5,02:25.8,23,COMPLETE,14.12.22.53
mapping,02:02.7,02:26.0,23,COMPLETE,14.12.55.113
mapping,02:03.2,02:26.1,22,COMPLETE,14.12.25.58
mapping,02:04.1,02:25.6,21,COMPLETE,14.12.30.37
mapping,02:04.9,02:26.3,21,COMPLETE,14.12.31.84
mapping,01:55.3,02:25.3,29,COMPLETE,14.12.48.183
mapping,01:58.3,02:26.3,27,COMPLETE,14.12.62.57
mapping,01:58.6,02:27.0,28,COMPLETE,14.12.57.226
mapping,01:58.7,02:26.6,27,COMPLETE,14.12.21.136
mapping,01:58.8,02:27.1,28,COMPLETE,14.12.62.134
mapping,01:58.7,02:27.3,28,COMPLETE,14.12.62.136
mapping,01:58.8,02:26.2,27,COMPLETE,14.12.52.217
mapping,01:59.3,02:26.7,27,COMPLETE,14.12.30.72
mapping,02:00.0,02:27.3,27,COMPLETE,14.12.62.214
mapping,02:00.4,02:27.5,27,COMPLETE,14.12.54.209
mapping,02:00.4,02:26.9,26,COMPLETE,14.12.58.45
mapping,02:00.6,02:26.5,25,COMPLETE,14.12.30.160
mapping,02:00.3,02:27.0,26,COMPLETE,14.12.52.79
mapping,02:01.1,02:26.8,25,COMPLETE,14.12.17.1
mapping,02:01.3,02:27.8,26,COMPLETE,14.12.29.36
mapping,02:02.0,02:26.4,24,COMPLETE,14.12.20.226
mapping,02:02.3,02:26.3,24,COMPLETE,14.12.30.19
mapping,02:02.4,02:26.6,24,COMPLETE,14.12.30.139
mapping,02:02.5,02:27.4,24,COMPLETE,14.12.51.75
mapping,02:02.8,02:27.0,24,COMPLETE,14.12.29.13
mapping,02:03.1,02:28.0,24,COMPLETE,14.12.23.248
mapping,02:03.4,02:26.9,23,COMPLETE,14.12.16.31
mapping,02:03.2,02:28.0,24,COMPLETE,14.12.28.248
mapping,02:03.4,02:27.6,24,COMPLETE,14.12.62.83
mapping,02:03.6,02:28.1,24,COMPLETE,14.12.56.103
mapping,02:03.4,02:26.9,23,COMPLETE,14.12.58.71
mapping,02:03.8,02:28.5,24,COMPLETE,14.12.21.252
mapping,02:03.3,02:27.0,23,COMPLETE,14.12.57.208
mapping,02:03.8,02:27.6,23,COMPLETE,14.12.31.103
mapping,02:03.9,02:27.5,23,COMPLETE,14.12.52.20
mapping,02:04.2,02:27.0,22,COMPLETE,14.12.56.123
mapping,02:04.3,02:27.4,23,COMPLETE,14.12.20.70
mapping,02:04.6,02:28.3,23,COMPLETE,14.12.48.62
mapping,02:04.8,02:27.9,23,COMPLETE,14.12.21.148
mapping,02:06.2,02:28.4,22,COMPLETE,14.12.56.41
mapping,02:00.3,02:28.5,28,COMPLETE,14.12.27.167
mapping,02:04.0,02:29.1,25,COMPLETE,14.12.54.173
mapping,02:04.3,02:29.5,25,COMPLETE,14.12.49.186
mapping,02:04.4,02:29.4,24,COMPLETE,14.12.29.96
mapping,02:04.5,02:29.0,24,COMPLETE,14.12.48.223
mapping,02:04.4,02:28.6,24,COMPLETE,14.12.27.105
mapping,02:04.7,02:28.6,23,COMPLETE,14.12.53.71
mapping,02:04.8,02:28.4,23,COMPLETE,14.12.57.32
mapping,02:05.0,02:28.6,23,COMPLETE,14.12.62.194
mapping,02:05.3,02:29.4,24,COMPLETE,14.12.30.125
mapping,02:05.9,02:28.9,23,COMPLETE,14.12.23.88
mapping,02:06.1,02:29.6,23,COMPLETE,14.12.55.201
mapping,02:06.4,02:30.1,23,COMPLETE,14.12.50.87
mapping,02:06.6,02:30.0,23,COMPLETE,14.12.19.119
mapping,02:06.6,02:29.6,23,COMPLETE,14.12.61.144
mapping,02:07.2,02:29.3,22,COMPLETE,14.12.58.133
mapping,02:08.8,02:29.8,21,COMPLETE,14.12.24.82
mapping,02:08.2,02:32.0,23,COMPLETE,14.12.63.119
mapping,02:08.8,02:31.0,22,COMPLETE,14.12.56.136
mapping,02:08.8,02:30.5,21,COMPLETE,14.12.53.84
mapping,02:09.4,02:31.4,21,COMPLETE,14.12.63.99
mapping,02:09.4,02:31.9,22,COMPLETE,14.12.53.68
mapping,02:09.5,02:32.1,22,COMPLETE,14.12.58.146
mapping,02:10.1,02:30.9,20,COMPLETE,14.12.30.208
mapping,02:10.0,02:32.2,22,COMPLETE,14.12.62.39
mapping,02:09.9,02:31.8,21,COMPLETE,14.12.54.148
mapping,02:10.2,02:32.4,22,COMPLETE,14.12.58.106
mapping,02:10.3,02:31.7,21,COMPLETE,14.12.51.27
mapping,02:10.2,02:31.6,21,COMPLETE,14.12.19.193
mapping,02:11.8,02:32.4,20,COMPLETE,14.12.26.155
mapping,02:07.1,02:30.7,23,COMPLETE,14.12.50.99
mapping,02:10.6,02:33.4,22,COMPLETE,14.12.51.73
mapping,02:10.8,02:34.5,23,COMPLETE,14.12.63.96
mapping,02:11.1,02:32.9,21,COMPLETE,14.12.53.149
mapping,02:11.5,02:33.9,22,COMPLETE,14.12.61.103
mapping,02:11.6,02:33.6,21,COMPLETE,14.12.16.75
mapping,02:11.3,02:33.8,22,COMPLETE,14.12.55.164
mapping,02:12.2,02:33.4,21,COMPLETE,14.12.63.213
mapping,02:12.3,02:33.5,21,COMPLETE,14.12.29.14
mapping,02:12.4,02:33.8,21,COMPLETE,14.12.22.60
mapping,02:12.5,02:34.5,22,COMPLETE,14.12.51.52
mapping,02:12.7,02:34.3,21,COMPLETE,14.12.16.188
mapping,02:13.3,02:34.1,20,COMPLETE,14.12.27.120
mapping,02:14.0,02:34.6,20,COMPLETE,14.12.59.57
mapping,02:12.8,02:36.1,23,COMPLETE,14.12.62.116
mapping,02:13.0,02:35.2,22,COMPLETE,14.12.48.195
mapping,02:12.7,02:35.4,22,COMPLETE,14.12.16.103
mapping,02:12.7,02:35.8,23,COMPLETE,14.12.22.203
mapping,02:12.8,02:35.2,22,COMPLETE,14.12.60.194
mapping,02:12.9,02:35.3,22,COMPLETE,14.12.26.216
mapping,02:12.8,02:34.8,22,COMPLETE,14.12.22.252
mapping,02:12.6,02:35.7,23,COMPLETE,14.12.24.253
mapping,02:13.0,02:34.6,21,COMPLETE,14.12.31.74
mapping,02:13.2,02:35.8,22,COMPLETE,14.12.56.52
mapping,02:13.2,02:36.4,23,COMPLETE,14.12.63.45
mapping,02:13.1,02:34.9,21,COMPLETE,14.12.60.147
mapping,02:13.5,02:35.5,21,COMPLETE,14.12.28.251
mapping,02:13.7,02:36.0,22,COMPLETE,14.12.57.78
mapping,02:13.6,02:36.2,22,COMPLETE,14.12.54.12
mapping,02:13.5,02:35.8,22,COMPLETE,14.12.48.170
mapping,02:14.0,02:35.7,21,COMPLETE,14.12.31.134
mapping,02:14.0,02:36.5,22,COMPLETE,14.12.29.114
mapping,02:14.2,02:36.5,22,COMPLETE,14.12.57.117
mapping,02:14.5,02:35.8,21,COMPLETE,14.12.29.156
mapping,02:14.5,02:35.6,21,COMPLETE,14.12.57.190
mapping,02:14.8,02:36.2,21,COMPLETE,14.12.48.93
mapping,02:14.8,02:36.3,21,COMPLETE,14.12.51.243
mapping,02:15.4,02:36.6,21,COMPLETE,14.12.31.69
mapping,02:15.5,02:36.6,21,COMPLETE,14.12.24.104
mapping,02:15.7,02:36.0,20,COMPLETE,14.12.18.146
mapping,02:15.9,02:35.7,19,COMPLETE,14.12.58.245
mapping,02:16.2,02:36.6,20,COMPLETE,14.12.60.133
mapping,02:12.6,02:35.0,22,COMPLETE,14.12.29.206
mapping,02:14.2,02:36.6,22,COMPLETE,14.12.49.111
mapping,02:14.6,02:37.3,22,COMPLETE,14.12.60.177
mapping,02:14.4,02:36.8,22,COMPLETE,14.12.49.13
mapping,02:14.6,02:36.7,22,COMPLETE,14.12.23.212
mapping,02:14.8,02:37.7,22,COMPLETE,14.12.48.59
mapping,02:15.2,02:37.6,22,COMPLETE,14.12.26.11
mapping,02:15.3,02:37.5,22,COMPLETE,14.12.49.189
mapping,02:15.3,02:36.9,21,COMPLETE,14.12.55.48
mapping,02:15.3,02:36.8,21,COMPLETE,14.12.20.169
mapping,02:15.2,02:38.2,22,COMPLETE,14.12.49.82
mapping,02:15.6,02:38.3,22,COMPLETE,14.12.49.210
mapping,02:16.0,02:37.4,21,COMPLETE,14.12.31.94
mapping,02:16.2,02:38.7,22,COMPLETE,14.12.16.140
mapping,02:16.1,02:38.4,22,COMPLETE,14.12.63.104
mapping,02:16.2,02:38.7,22,COMPLETE,14.12.49.102
mapping,02:16.3,02:38.0,21,COMPLETE,14.12.52.86
mapping,02:16.6,02:38.9,22,COMPLETE,14.12.17.173
mapping,02:17.8,02:38.6,20,COMPLETE,14.12.19.124
mapping,02:18.0,02:37.4,19,COMPLETE,14.12.53.128
mapping,02:18.2,02:38.4,20,COMPLETE,14.12.17.181
mapping,02:19.2,02:38.4,19,COMPLETE,14.12.61.170
mapping,02:16.5,02:39.2,22,COMPLETE,14.12.60.159
mapping,02:16.4,02:38.9,22,COMPLETE,14.12.59.14
mapping,02:16.5,02:38.8,22,COMPLETE,14.12.61.156
mapping,02:16.9,02:39.3,22,COMPLETE,14.12.59.30
mapping,02:16.5,02:39.8,23,COMPLETE,14.12.53.13
mapping,02:16.9,02:39.8,22,COMPLETE,14.12.59.5
mapping,02:17.0,02:39.0,21,COMPLETE,14.12.26.211
mapping,02:16.8,02:39.3,22,COMPLETE,14.12.51.142
mapping,02:17.3,02:40.1,22,COMPLETE,14.12.23.69
mapping,02:17.2,02:40.2,22,COMPLETE,14.12.48.108
mapping,02:17.3,02:40.5,23,COMPLETE,14.12.61.177
mapping,02:17.5,02:39.7,22,COMPLETE,14.12.48.211
mapping,02:17.6,02:39.5,21,COMPLETE,14.12.58.132
mapping,02:17.6,02:40.2,22,COMPLETE,14.12.16.49
mapping,02:17.3,02:39.0,21,COMPLETE,14.12.48.13
mapping,02:17.7,02:39.5,21,COMPLETE,14.12.31.184
mapping,02:17.8,02:39.2,21,COMPLETE,14.12.18.169
mapping,02:17.9,02:39.0,21,COMPLETE,14.12.48.67
mapping,02:18.1,02:39.3,21,COMPLETE,14.12.51.104
mapping,02:18.6,02:39.6,21,COMPLETE,14.12.50.201
mapping,02:18.3,02:40.1,21,COMPLETE,14.12.50.61
mapping,02:18.5,02:39.1,20,COMPLETE,14.12.60.251
mapping,02:18.6,02:40.7,22,COMPLETE,14.12.27.33
mapping,02:18.7,02:39.6,20,COMPLETE,14.12.63.164
mapping,02:18.9,02:39.6,20,COMPLETE,14.12.56.81
mapping,02:18.8,02:40.6,21,COMPLETE,14.12.54.140
mapping,02:19.2,02:39.9,20,COMPLETE,14.12.29.253
mapping,02:19.3,02:40.3,21,COMPLETE,14.12.20.48
mapping,02:19.2,02:39.5,20,COMPLETE,14.12.28.67
mapping,02:19.4,02:40.0,20,COMPLETE,14.12.16.27
mapping,02:19.3,02:40.5,21,COMPLETE,14.12.23.245
mapping,02:19.9,02:40.4,20,COMPLETE,14.12.20.214
mapping,02:20.0,02:40.3,20,COMPLETE,14.12.50.31
mapping,02:15.2,02:39.1,23,COMPLETE,14.12.55.151
mapping,02:16.5,02:40.8,24,COMPLETE,14.12.54.118
mapping,02:19.4,02:41.1,21,COMPLETE,14.12.49.149
mapping,02:19.4,02:40.9,21,COMPLETE,14.12.56.196
mapping,02:19.5,02:41.4,21,COMPLETE,14.12.62.252
mapping,02:19.6,02:41.3,21,COMPLETE,14.12.55.233
mapping,02:19.8,02:41.7,21,COMPLETE,14.12.21.56
mapping,02:19.8,02:41.2,21,COMPLETE,14.12.23.56
mapping,02:20.1,02:41.7,21,COMPLETE,14.12.21.243
mapping,02:20.1,02:41.3,21,COMPLETE,14.12.53.135
mapping,02:19.8,02:41.2,21,COMPLETE,14.12.50.252
mapping,02:20.0,02:41.8,21,COMPLETE,14.12.60.109
mapping,02:20.4,02:42.1,21,COMPLETE,14.12.60.36
mapping,02:20.4,02:41.6,21,COMPLETE,14.12.57.26
mapping,02:20.5,02:41.3,20,COMPLETE,14.12.60.200
mapping,02:20.6,02:41.2,20,COMPLETE,14.12.21.117
mapping,02:20.6,02:41.9,21,COMPLETE,14.12.55.27
mapping,02:20.5,02:42.5,21,COMPLETE,14.12.51.118
mapping,02:20.7,02:42.2,21,COMPLETE,14.12.17.121
mapping,02:21.0,02:41.8,20,COMPLETE,14.12.56.158
mapping,02:20.7,02:42.4,21,COMPLETE,14.12.25.99
mapping,02:21.1,02:42.5,21,COMPLETE,14.12.62.107
mapping,02:22.7,02:42.5,19,COMPLETE,14.12.60.183
mapping,02:21.2,02:44.3,23,COMPLETE,14.12.54.83
mapping,02:21.6,02:43.4,21,COMPLETE,14.12.62.147
mapping,02:21.7,02:43.7,21,COMPLETE,14.12.26.111
mapping,02:21.7,02:44.4,22,COMPLETE,14.12.24.146
mapping,02:22.0,02:44.6,22,COMPLETE,14.12.59.106
mapping,02:22.3,02:44.1,21,COMPLETE,14.12.26.34
mapping,02:22.4,02:44.9,22,COMPLETE,14.12.50.48
mapping,02:22.4,02:43.3,20,COMPLETE,14.12.57.109
mapping,02:22.5,02:44.1,21,COMPLETE,14.12.59.77
mapping,02:22.6,02:43.9,21,COMPLETE,14.12.24.185
mapping,02:22.7,02:44.0,21,COMPLETE,14.12.25.191
mapping,02:22.7,02:43.5,20,COMPLETE,14.12.22.51
mapping,02:22.8,02:43.9,21,COMPLETE,14.12.59.69
mapping,02:22.8,02:43.8,20,COMPLETE,14.12.23.49
mapping,02:22.6,02:43.8,21,COMPLETE,14.12.26.115
mapping,02:23.3,02:44.8,21,COMPLETE,14.12.29.56
mapping,02:23.3,02:44.8,21,COMPLETE,14.12.17.34
mapping,02:23.4,02:44.7,21,COMPLETE,14.12.19.7
mapping,02:23.4,02:44.4,21,COMPLETE,14.12.60.221
mapping,02:23.6,02:44.5,20,COMPLETE,14.12.56.86
mapping,02:23.6,02:44.2,20,COMPLETE,14.12.50.133
mapping,02:24.1,02:44.9,20,COMPLETE,14.12.27.21
mapping,02:24.1,02:44.3,20,COMPLETE,14.12.22.156
mapping,02:20.9,02:43.1,22,COMPLETE,14.12.57.17
mapping,02:23.2,02:45.3,22,COMPLETE,14.12.26.250
mapping,02:23.9,02:45.5,21,COMPLETE,14.12.63.20
mapping,02:23.9,02:44.8,20,COMPLETE,14.12.51.56
mapping,02:24.5,02:45.4,20,COMPLETE,14.12.20.200
mapping,02:24.5,02:46.5,21,COMPLETE,14.12.23.193
mapping,02:24.7,02:45.4,20,COMPLETE,14.12.21.114
mapping,02:24.9,02:46.9,22,COMPLETE,14.12.51.122
mapping,02:24.8,02:46.4,21,COMPLETE,14.12.57.77
mapping,02:24.9,02:46.8,21,COMPLETE,14.12.25.178
mapping,02:24.9,02:45.7,20,COMPLETE,14.12.62.200
mapping,02:25.0,02:46.5,21,COMPLETE,14.12.59.108
mapping,02:25.1,02:45.0,19,COMPLETE,14.12.54.65
mapping,02:25.1,02:46.0,20,COMPLETE,14.12.59.225
mapping,02:25.2,02:46.3,21,COMPLETE,14.12.60.86
mapping,02:25.1,02:45.0,19,COMPLETE,14.12.24.45
mapping,02:24.8,02:46.5,21,COMPLETE,14.12.60.33
mapping,02:25.3,02:46.5,21,COMPLETE,14.12.48.183
mapping,02:25.0,02:45.8,20,COMPLETE,14.12.59.211
mapping,02:25.1,02:46.0,20,COMPLETE,14.12.60.38
mapping,02:25.6,02:46.6,21,COMPLETE,14.12.18.250
mapping,02:25.5,02:46.8,21,COMPLETE,14.12.58.116
mapping,02:25.4,02:46.3,20,COMPLETE,14.12.57.70
mapping,02:25.7,02:46.4,20,COMPLETE,14.12.30.37
mapping,02:25.4,02:46.1,20,COMPLETE,14.12.54.178
mapping,02:26.0,02:46.4,20,COMPLETE,14.12.25.77
mapping,02:25.0,02:47.1,22,COMPLETE,14.12.57.249
mapping,02:25.0,02:47.3,22,COMPLETE,14.12.18.207
mapping,02:25.6,02:47.3,21,COMPLETE,14.12.54.105
mapping,02:25.4,02:47.2,21,COMPLETE,14.12.54.254
mapping,02:25.9,02:47.7,21,COMPLETE,14.12.54.244
mapping,02:25.8,02:47.5,21,COMPLETE,14.12.19.44
mapping,02:25.8,02:47.0,21,COMPLETE,14.12.53.254
mapping,02:26.0,02:48.0,21,COMPLETE,14.12.55.113
mapping,02:26.1,02:48.6,22,COMPLETE,14.12.25.58
mapping,02:25.8,02:47.5,21,COMPLETE,14.12.22.53
mapping,02:25.9,02:47.3,21,COMPLETE,14.12.24.160
mapping,02:26.1,02:47.1,21,COMPLETE,14.12.52.172
mapping,02:26.1,02:47.5,21,COMPLETE,14.12.59.151
mapping,02:26.1,02:48.7,22,COMPLETE,14.12.23.62
mapping,02:26.3,02:47.9,21,COMPLETE,14.12.31.84
mapping,02:26.1,02:47.7,21,COMPLETE,14.12.27.165
mapping,02:26.2,02:46.9,20,COMPLETE,14.12.52.217
mapping,02:26.3,02:47.9,21,COMPLETE,14.12.30.19
mapping,02:26.5,02:48.1,21,COMPLETE,14.12.30.160
mapping,02:26.3,02:48.1,21,COMPLETE,14.12.62.57
mapping,02:26.4,02:48.2,21,COMPLETE,14.12.20.226
mapping,02:26.6,02:48.2,21,COMPLETE,14.12.21.136
mapping,02:26.6,02:48.0,21,COMPLETE,14.12.30.139
mapping,02:26.8,02:48.1,21,COMPLETE,14.12.17.1
mapping,02:26.9,02:47.5,20,COMPLETE,14.12.16.31
mapping,02:27.0,02:49.1,22,COMPLETE,14.12.56.123
mapping,02:26.9,02:48.6,21,COMPLETE,14.12.58.45
mapping,02:26.7,02:47.7,21,COMPLETE,14.12.30.72
mapping,02:27.0,02:47.7,20,COMPLETE,14.12.57.226
mapping,02:27.1,02:48.3,21,COMPLETE,14.12.62.134
mapping,02:26.9,02:47.7,20,COMPLETE,14.12.58.71
mapping,02:27.0,02:48.1,21,COMPLETE,14.12.29.13
mapping,02:27.3,02:48.7,21,COMPLETE,14.12.62.214
mapping,02:27.0,02:47.0,19,COMPLETE,14.12.57.208
mapping,02:27.0,02:46.8,19,COMPLETE,14.12.52.79
mapping,02:27.4,02:48.7,21,COMPLETE,14.12.51.75
mapping,02:27.4,02:48.6,21,COMPLETE,14.12.20.70
mapping,02:27.5,02:47.9,20,COMPLETE,14.12.52.20
mapping,02:27.3,02:47.9,20,COMPLETE,14.12.62.136
mapping,02:27.5,02:48.3,20,COMPLETE,14.12.54.209
mapping,02:25.0,02:47.1,22,COMPLETE,14.12.48.216